BuildingIndex,Year,Month,Day,Hour,Quarter,DayInWeek,HolidayOrNot,EnergyDemand,SOC 
1,2017,9,8,9,2,0,0,0.70918,0
1,2017,9,8,9,3,0,0,0.886475,0
1,2017,9,8,10,0,0,0,0.886475,0
1,2017,9,8,10,1,0,0,0.886475,0
1,2017,9,8,10,2,0,0,0.886475,0
1,2017,9,8,10,3,0,0,0.886475,0
1,2017,9,8,11,0,0,0,0.886475,0
1,2017,9,8,11,1,0,0,0.886475,0
1,2017,9,8,11,2,0,0,0.295492,0
1,2017,9,15,8,3,0,0,0.461818,0
1,2017,9,15,9,0,0,0,0.808182,0
1,2017,9,19,12,2,0,0,0.27661,0
1,2017,9,19,12,3,0,0,0.691525,0
1,2017,9,19,13,0,0,0,0.691525,0
1,2017,9,19,13,1,0,0,0.691525,0
1,2017,9,19,13,2,0,0,0.368814,0
1,2017,10,3,10,3,0,0,0.46,0
1,2017,10,3,11,0,0,0,0.766667,0
1,2017,10,3,11,1,0,0,0.613333,0
1,2017,10,3,12,0,0,0,0.669024,0
1,2017,10,3,12,1,0,0,0.771951,0
1,2017,10,3,12,2,0,0,0.771951,0
1,2017,10,3,12,3,0,0,0.771951,0
1,2017,10,3,13,0,0,0,0.771951,0
1,2017,10,3,13,1,0,0,0.463171,0
1,2017,10,3,13,2,0,0,0.364583,0
1,2017,10,3,13,3,0,0,0.78125,0
1,2017,10,3,14,0,0,0,0.78125,0
1,2017,10,3,14,1,0,0,0.78125,0
1,2017,10,3,14,2,0,0,0.78125,0
1,2017,10,3,14,3,0,0,0.260417,0
1,2017,10,9,10,0,0,0,0.415702,0
1,2017,10,9,10,1,0,0,0.890789,0
1,2017,10,9,10,2,0,0,0.890789,0
1,2017,10,9,10,3,0,0,0.890789,0
1,2017,10,9,11,0,0,0,0.890789,0
1,2017,10,9,11,1,0,0,0.890789,0
1,2017,10,9,11,2,0,0,0.890789,0
1,2017,10,9,11,3,0,0,0.890789,0
1,2017,10,12,10,0,0,0,0.59108,0
1,2017,10,12,10,1,0,0,0.885577,0
1,2017,10,12,10,2,0,0,0.885577,0
1,2017,10,12,10,3,0,0,0.885577,0
1,2017,10,12,11,0,0,0,0.885577,0
1,2017,10,12,11,1,0,0,0.885577,0
1,2017,10,12,11,2,0,0,0.885577,0
1,2017,10,12,11,3,0,0,0.354231,0
1,2017,10,19,10,0,0,0,0.058529,0
1,2017,10,19,10,1,0,0,0.877941,0
1,2017,10,19,10,2,0,0,0.877941,0
1,2017,10,19,10,3,0,0,0.877941,0
1,2017,10,19,11,0,0,0,0.877941,0
1,2017,10,19,11,1,0,0,0.877941,0
1,2017,10,19,11,2,0,0,0.877941,0
1,2017,10,29,19,3,0,0,0.962976,0
1,2017,10,29,20,0,0,0,0.683898,0
1,2017,10,29,20,1,0,0,0.683898,0
1,2017,10,29,20,2,0,0,0.683898,0
1,2017,11,27,11,3,0,0,0.955239,0
1,2017,11,27,12,0,0,0,0.867391,0
1,2017,11,27,12,1,0,0,0.867391,0
1,2017,12,1,9,2,0,0,0.900762,0
1,2017,12,1,9,3,0,0,0.655319,0
1,2017,12,1,10,0,0,0,0.655319,0
1,2017,12,1,10,1,0,0,0.655319,0
1,2017,12,1,10,2,0,0,0.655319,0
1,2017,12,1,10,3,0,0,0.655319,0
1,2017,12,1,11,0,0,0,0.655319,0
1,2017,12,1,11,1,0,0,0.655319,0
1,2017,12,1,11,2,0,0,0.655319,0
1,2017,12,1,11,3,0,0,0.305816,0
1,2017,12,5,12,1,0,0,0.407105,0
1,2017,12,5,12,2,0,0,0.872368,0
1,2017,12,5,12,3,0,0,0.872368,0
1,2017,12,5,13,0,0,0,0.058158,0
1,2017,12,11,9,3,0,0,0.669167,0
1,2017,12,11,10,0,0,0,0.060833,0
1,2017,12,19,14,2,0,0,0.052069,0
1,2017,12,19,14,3,0,0,0.781034,0
1,2017,12,19,15,0,0,0,0.676897,0
1,2017,12,19,15,1,0,0,0.259524,0
1,2017,12,19,15,2,0,0,0.778571,0
1,2017,12,19,15,3,0,0,0.051905,0
1,2018,1,16,19,1,0,0,0.7152,0
1,2018,1,16,19,2,0,0,0.894,0
1,2018,1,16,19,3,0,0,0.894,0
1,2018,1,16,20,0,0,0,0.4768,0
1,2018,1,27,20,3,0,0,0.137854,0
1,2018,1,27,21,0,0,0,0.344634,0
1,2018,1,27,21,1,0,0,0.344634,0
1,2018,1,27,21,2,0,0,0.344634,0
1,2018,1,27,21,3,0,0,0.344634,0
1,2018,1,27,22,0,0,0,0.344634,0
1,2018,1,27,22,1,0,0,0.344634,0
1,2018,1,27,22,2,0,0,0.344634,0
1,2018,1,27,22,3,0,0,0.344634,0
1,2018,1,27,23,0,0,0,0.344634,0
1,2018,1,27,23,1,0,0,0.344634,0
1,2018,1,27,23,2,0,0,0.344634,0
1,2018,1,27,23,3,0,0,0.344634,0
1,2018,1,28,0,0,0,0,0.344634,0
1,2018,1,28,0,1,0,0,0.344634,0
1,2018,1,28,0,2,0,0,0.344634,0
1,2018,1,28,0,3,0,0,0.344634,0
1,2018,1,28,1,0,0,0,0.344634,0
1,2018,1,28,1,1,0,0,0.344634,0
1,2018,1,28,1,2,0,0,0.344634,0
1,2018,1,28,1,3,0,0,0.344634,0
1,2018,1,28,2,0,0,0,0.344634,0
1,2018,1,28,2,1,0,0,0.344634,0
1,2018,1,28,2,2,0,0,0.344634,0
1,2018,1,28,2,3,0,0,0.344634,0
1,2018,1,28,3,0,0,0,0.344634,0
1,2018,1,28,3,1,0,0,0.344634,0
1,2018,1,28,3,2,0,0,0.344634,0
1,2018,1,28,3,3,0,0,0.344634,0
1,2018,1,28,4,0,0,0,0.344634,0
1,2018,1,28,4,1,0,0,0.344634,0
1,2018,1,28,4,2,0,0,0.344634,0
1,2018,1,28,4,3,0,0,0.344634,0
1,2018,1,28,5,0,0,0,0.344634,0
1,2018,1,28,5,1,0,0,0.344634,0
1,2018,1,28,5,2,0,0,0.344634,0
1,2018,1,28,5,3,0,0,0.344634,0
1,2018,1,28,6,0,0,0,0.344634,0
1,2018,1,28,6,1,0,0,0.344634,0
1,2018,1,28,6,2,0,0,0.344634,0
1,2018,1,28,6,3,0,0,0.344634,0
1,2018,1,28,7,0,0,0,0.344634,0
1,2018,1,28,7,1,0,0,0.344634,0
1,2018,1,28,7,2,0,0,0.344634,0
1,2018,1,28,7,3,0,0,0.344634,0
1,2018,1,28,8,0,0,0,0.344634,0
1,2018,1,28,8,1,0,0,0.344634,0
1,2018,1,28,8,2,0,0,0.344634,0
1,2018,1,28,8,3,0,0,0.344634,0
1,2018,1,28,9,0,0,0,0.344634,0
1,2018,1,28,9,1,0,0,0.344634,0
1,2018,1,28,9,2,0,0,0.344634,0
1,2018,1,28,9,3,0,0,0.344634,0
1,2018,1,28,10,0,0,0,0.344634,0
1,2018,1,28,10,1,0,0,0.344634,0
1,2018,1,28,10,2,0,0,0.091902,0
1,2018,2,4,17,3,0,0,0.059051,0
1,2018,2,4,18,0,0,0,0.295253,0
1,2018,2,4,18,1,0,0,0.295253,0
1,2018,2,4,18,2,0,0,0.295253,0
1,2018,2,4,18,3,0,0,0.295253,0
1,2018,2,4,19,0,0,0,0.295253,0
1,2018,2,4,19,1,0,0,0.295253,0
1,2018,2,4,19,2,0,0,0.295253,0
1,2018,2,4,19,3,0,0,0.295253,0
1,2018,2,4,20,0,0,0,0.295253,0
1,2018,2,4,20,1,0,0,0.295253,0
1,2018,2,4,20,2,0,0,0.295253,0
1,2018,2,4,20,3,0,0,0.295253,0
1,2018,2,4,21,0,0,0,0.295253,0
1,2018,2,4,21,1,0,0,0.295253,0
1,2018,2,4,21,2,0,0,0.295253,0
1,2018,2,4,21,3,0,0,0.295253,0
1,2018,2,4,22,0,0,0,0.295253,0
1,2018,2,4,22,1,0,0,0.295253,0
1,2018,2,4,22,2,0,0,0.295253,0
1,2018,2,4,22,3,0,0,0.295253,0
1,2018,2,4,23,0,0,0,0.295253,0
1,2018,2,4,23,1,0,0,0.295253,0
1,2018,2,4,23,2,0,0,0.295253,0
1,2018,2,4,23,3,0,0,0.295253,0
1,2018,2,5,0,0,0,0,0.295253,0
1,2018,2,5,0,1,0,0,0.295253,0
1,2018,2,5,0,2,0,0,0.295253,0
1,2018,2,5,0,3,0,0,0.295253,0
1,2018,2,5,1,0,0,0,0.295253,0
1,2018,2,5,1,1,0,0,0.295253,0
1,2018,2,5,1,2,0,0,0.295253,0
1,2018,2,5,1,3,0,0,0.295253,0
1,2018,2,5,2,0,0,0,0.295253,0
1,2018,2,5,2,1,0,0,0.295253,0
1,2018,2,5,2,2,0,0,0.295253,0
1,2018,2,5,2,3,0,0,0.295253,0
1,2018,2,5,3,0,0,0,0.295253,0
1,2018,2,5,3,1,0,0,0.295253,0
1,2018,2,5,3,2,0,0,0.295253,0
1,2018,2,5,3,3,0,0,0.295253,0
1,2018,2,5,4,0,0,0,0.295253,0
1,2018,2,5,4,1,0,0,0.295253,0
1,2018,2,5,4,2,0,0,0.295253,0
1,2018,2,5,4,3,0,0,0.295253,0
1,2018,2,5,5,0,0,0,0.295253,0
1,2018,2,5,5,1,0,0,0.295253,0
1,2018,2,5,5,2,0,0,0.295253,0
1,2018,2,5,5,3,0,0,0.295253,0
1,2018,2,5,6,0,0,0,0.295253,0
1,2018,2,5,6,1,0,0,0.295253,0
1,2018,2,5,6,2,0,0,0.295253,0
1,2018,2,5,6,3,0,0,0.295253,0
1,2018,2,5,7,0,0,0,0.137785,0
1,2018,2,5,16,1,0,0,0.290909,0
1,2018,2,5,16,2,0,0,0.757424,0
1,2018,2,5,16,3,0,0,0.875,0
1,2018,2,5,17,0,0,0,0.116667,0
1,2018,2,5,18,1,0,0,0.25669,0
1,2018,2,5,18,2,0,0,0.320862,0
1,2018,2,5,18,3,0,0,0.320862,0
1,2018,2,5,19,0,0,0,0.320862,0
1,2018,2,5,19,1,0,0,0.320862,0
1,2018,2,5,19,2,0,0,0.320862,0
1,2018,2,5,19,3,0,0,0.320862,0
1,2018,2,5,20,0,0,0,0.320862,0
1,2018,2,5,20,1,0,0,0.320862,0
1,2018,2,5,20,2,0,0,0.320862,0
1,2018,2,5,20,3,0,0,0.320862,0
1,2018,2,5,21,0,0,0,0.320862,0
1,2018,2,5,21,1,0,0,0.320862,0
1,2018,2,5,21,2,0,0,0.320862,0
1,2018,2,5,21,3,0,0,0.320862,0
1,2018,2,5,22,0,0,0,0.320862,0
1,2018,2,5,22,1,0,0,0.320862,0
1,2018,2,5,22,2,0,0,0.320862,0
1,2018,2,5,22,3,0,0,0.320862,0
1,2018,2,5,23,0,0,0,0.320862,0
1,2018,2,5,23,1,0,0,0.320862,0
1,2018,2,5,23,2,0,0,0.320862,0
1,2018,2,5,23,3,0,0,0.320862,0
1,2018,2,6,0,0,0,0,0.320862,0
1,2018,2,6,0,1,0,0,0.320862,0
1,2018,2,6,0,2,0,0,0.320862,0
1,2018,2,6,0,3,0,0,0.320862,0
1,2018,2,6,1,0,0,0,0.320862,0
1,2018,2,6,1,1,0,0,0.320862,0
1,2018,2,6,1,2,0,0,0.320862,0
1,2018,2,6,1,3,0,0,0.320862,0
1,2018,2,6,2,0,0,0,0.320862,0
1,2018,2,6,2,1,0,0,0.320862,0
1,2018,2,6,2,2,0,0,0.320862,0
1,2018,2,6,2,3,0,0,0.320862,0
1,2018,2,6,3,0,0,0,0.320862,0
1,2018,2,6,3,1,0,0,0.320862,0
1,2018,2,6,3,2,0,0,0.320862,0
1,2018,2,6,3,3,0,0,0.320862,0
1,2018,2,6,4,0,0,0,0.320862,0
1,2018,2,6,4,1,0,0,0.320862,0
1,2018,2,6,4,2,0,0,0.320862,0
1,2018,2,6,4,3,0,0,0.320862,0
1,2018,2,6,5,0,0,0,0.320862,0
1,2018,2,6,5,1,0,0,0.320862,0
1,2018,2,6,5,2,0,0,0.320862,0
1,2018,2,6,5,3,0,0,0.320862,0
1,2018,2,6,6,0,0,0,0.320862,0
1,2018,2,6,6,1,0,0,0.042782,0
1,2018,2,7,18,0,0,0,0.092676,0
1,2018,2,7,18,1,0,0,0.347535,0
1,2018,2,7,18,2,0,0,0.347535,0
1,2018,2,7,18,3,0,0,0.347535,0
1,2018,2,7,19,0,0,0,0.347535,0
1,2018,2,7,19,1,0,0,0.347535,0
1,2018,2,7,19,2,0,0,0.347535,0
1,2018,2,7,19,3,0,0,0.347535,0
1,2018,2,7,20,0,0,0,0.347535,0
1,2018,2,7,20,1,0,0,0.347535,0
1,2018,2,7,20,2,0,0,0.347535,0
1,2018,2,7,20,3,0,0,0.347535,0
1,2018,2,7,21,0,0,0,0.347535,0
1,2018,2,7,21,1,0,0,0.347535,0
1,2018,2,7,21,2,0,0,0.347535,0
1,2018,2,7,21,3,0,0,0.347535,0
1,2018,2,7,22,0,0,0,0.347535,0
1,2018,2,7,22,1,0,0,0.347535,0
1,2018,2,7,22,2,0,0,0.347535,0
1,2018,2,7,22,3,0,0,0.347535,0
1,2018,2,7,23,0,0,0,0.347535,0
1,2018,2,7,23,1,0,0,0.347535,0
1,2018,2,7,23,2,0,0,0.347535,0
1,2018,2,7,23,3,0,0,0.347535,0
1,2018,2,8,0,0,0,0,0.347535,0
1,2018,2,8,0,1,0,0,0.347535,0
1,2018,2,8,0,2,0,0,0.347535,0
1,2018,2,8,0,3,0,0,0.347535,0
1,2018,2,8,1,0,0,0,0.347535,0
1,2018,2,8,1,1,0,0,0.347535,0
1,2018,2,8,1,2,0,0,0.347535,0
1,2018,2,8,1,3,0,0,0.347535,0
1,2018,2,8,2,0,0,0,0.347535,0
1,2018,2,8,2,1,0,0,0.347535,0
1,2018,2,8,2,2,0,0,0.347535,0
1,2018,2,8,2,3,0,0,0.347535,0
1,2018,2,8,3,0,0,0,0.347535,0
1,2018,2,8,3,1,0,0,0.347535,0
1,2018,2,8,3,2,0,0,0.347535,0
1,2018,2,8,3,3,0,0,0.347535,0
1,2018,2,8,4,0,0,0,0.347535,0
1,2018,2,8,4,1,0,0,0.347535,0
1,2018,2,8,4,2,0,0,0.347535,0
1,2018,2,8,4,3,0,0,0.347535,0
1,2018,2,8,5,0,0,0,0.347535,0
1,2018,2,8,5,1,0,0,0.347535,0
1,2018,2,8,5,2,0,0,0.347535,0
1,2018,2,8,5,3,0,0,0.347535,0
1,2018,2,8,6,0,0,0,0.023169,0
1,2018,2,8,19,2,0,0,0.23773,0
1,2018,2,8,19,3,0,0,0.356596,0
1,2018,2,8,20,0,0,0,0.356596,0
1,2018,2,8,20,1,0,0,0.356596,0
1,2018,2,8,20,2,0,0,0.356596,0
1,2018,2,8,20,3,0,0,0.356596,0
1,2018,2,8,21,0,0,0,0.356596,0
1,2018,2,8,21,1,0,0,0.356596,0
1,2018,2,8,21,2,0,0,0.356596,0
1,2018,2,8,21,3,0,0,0.356596,0
1,2018,2,8,22,0,0,0,0.356596,0
1,2018,2,8,22,1,0,0,0.356596,0
1,2018,2,8,22,2,0,0,0.356596,0
1,2018,2,8,22,3,0,0,0.356596,0
1,2018,2,8,23,0,0,0,0.356596,0
1,2018,2,8,23,1,0,0,0.356596,0
1,2018,2,8,23,2,0,0,0.356596,0
1,2018,2,8,23,3,0,0,0.356596,0
1,2018,2,9,0,0,0,0,0.356596,0
1,2018,2,9,0,1,0,0,0.356596,0
1,2018,2,9,0,2,0,0,0.356596,0
1,2018,2,9,0,3,0,0,0.356596,0
1,2018,2,9,1,0,0,0,0.356596,0
1,2018,2,9,1,1,0,0,0.356596,0
1,2018,2,9,1,2,0,0,0.356596,0
1,2018,2,9,1,3,0,0,0.356596,0
1,2018,2,9,2,0,0,0,0.356596,0
1,2018,2,9,2,1,0,0,0.356596,0
1,2018,2,9,2,2,0,0,0.356596,0
1,2018,2,9,2,3,0,0,0.356596,0
1,2018,2,9,3,0,0,0,0.356596,0
1,2018,2,9,3,1,0,0,0.356596,0
1,2018,2,9,3,2,0,0,0.356596,0
1,2018,2,9,3,3,0,0,0.356596,0
1,2018,2,9,4,0,0,0,0.356596,0
1,2018,2,9,4,1,0,0,0.356596,0
1,2018,2,9,4,2,0,0,0.356596,0
1,2018,2,9,4,3,0,0,0.356596,0
1,2018,2,9,5,0,0,0,0.356596,0
1,2018,2,9,5,1,0,0,0.356596,0
1,2018,2,9,5,2,0,0,0.356596,0
1,2018,2,9,5,3,0,0,0.356596,0
1,2018,2,9,6,0,0,0,0.356596,0
1,2018,2,9,6,1,0,0,0.356596,0
1,2018,2,9,6,2,0,0,0.356596,0
1,2018,2,9,6,3,0,0,0.356596,0
1,2018,2,9,7,0,0,0,0.356596,0
1,2018,2,9,7,1,0,0,0.118865,0
1,2018,2,10,18,3,0,0,0.14481,0
1,2018,2,10,19,0,0,0,0.43443,0
1,2018,2,10,19,1,0,0,0.43443,0
1,2018,2,10,19,2,0,0,0.43443,0
1,2018,2,10,19,3,0,0,0.43443,0
1,2018,2,10,20,0,0,0,0.43443,0
1,2018,2,10,20,1,0,0,0.43443,0
1,2018,2,10,20,2,0,0,0.43443,0
1,2018,2,10,20,3,0,0,0.43443,0
1,2018,2,10,21,0,0,0,0.43443,0
1,2018,2,10,21,1,0,0,0.43443,0
1,2018,2,10,21,2,0,0,0.43443,0
1,2018,2,10,21,3,0,0,0.43443,0
1,2018,2,10,22,0,0,0,0.43443,0
1,2018,2,10,22,1,0,0,0.43443,0
1,2018,2,10,22,2,0,0,0.43443,0
1,2018,2,10,22,3,0,0,0.43443,0
1,2018,2,10,23,0,0,0,0.43443,0
1,2018,2,10,23,1,0,0,0.43443,0
1,2018,2,10,23,2,0,0,0.43443,0
1,2018,2,10,23,3,0,0,0.43443,0
1,2018,2,11,0,0,0,0,0.43443,0
1,2018,2,11,0,1,0,0,0.43443,0
1,2018,2,11,0,2,0,0,0.43443,0
1,2018,2,11,0,3,0,0,0.43443,0
1,2018,2,11,1,0,0,0,0.43443,0
1,2018,2,11,1,1,0,0,0.43443,0
1,2018,2,11,1,2,0,0,0.43443,0
1,2018,2,11,1,3,0,0,0.43443,0
1,2018,2,11,2,0,0,0,0.43443,0
1,2018,2,11,2,1,0,0,0.43443,0
1,2018,2,11,2,2,0,0,0.43443,0
1,2018,2,11,2,3,0,0,0.43443,0
1,2018,2,11,3,0,0,0,0.43443,0
1,2018,2,11,3,1,0,0,0.43443,0
1,2018,2,11,3,2,0,0,0.43443,0
1,2018,2,11,3,3,0,0,0.43443,0
1,2018,2,11,4,0,0,0,0.43443,0
1,2018,2,11,4,1,0,0,0.43443,0
1,2018,2,11,4,2,0,0,0.43443,0
1,2018,2,11,4,3,0,0,0.43443,0
1,2018,2,11,5,0,0,0,0.43443,0
1,2018,2,11,5,1,0,0,0.43443,0
1,2018,2,11,5,2,0,0,0.43443,0
1,2018,2,11,5,3,0,0,0.43443,0
1,2018,2,11,6,0,0,0,0.43443,0
1,2018,2,11,6,1,0,0,0.115848,0
1,2018,2,12,18,0,0,0,0.198543,0
1,2018,2,12,18,1,0,0,0.372267,0
1,2018,2,12,18,2,0,0,0.372267,0
1,2018,2,12,18,3,0,0,0.372267,0
1,2018,2,12,19,0,0,0,0.372267,0
1,2018,2,12,19,1,0,0,0.372267,0
1,2018,2,12,19,2,0,0,0.372267,0
1,2018,2,12,19,3,0,0,0.372267,0
1,2018,2,12,20,0,0,0,0.372267,0
1,2018,2,12,20,1,0,0,0.372267,0
1,2018,2,12,20,2,0,0,0.372267,0
1,2018,2,12,20,3,0,0,0.372267,0
1,2018,2,12,21,0,0,0,0.372267,0
1,2018,2,12,21,1,0,0,0.372267,0
1,2018,2,12,21,2,0,0,0.372267,0
1,2018,2,12,21,3,0,0,0.372267,0
1,2018,2,12,22,0,0,0,0.372267,0
1,2018,2,12,22,1,0,0,0.372267,0
1,2018,2,12,22,2,0,0,0.372267,0
1,2018,2,12,22,3,0,0,0.372267,0
1,2018,2,12,23,0,0,0,0.372267,0
1,2018,2,12,23,1,0,0,0.372267,0
1,2018,2,12,23,2,0,0,0.372267,0
1,2018,2,12,23,3,0,0,0.372267,0
1,2018,2,13,0,0,0,0,0.372267,0
1,2018,2,13,0,1,0,0,0.372267,0
1,2018,2,13,0,2,0,0,0.372267,0
1,2018,2,13,0,3,0,0,0.372267,0
1,2018,2,13,1,0,0,0,0.372267,0
1,2018,2,13,1,1,0,0,0.372267,0
1,2018,2,13,1,2,0,0,0.372267,0
1,2018,2,13,1,3,0,0,0.372267,0
1,2018,2,13,2,0,0,0,0.372267,0
1,2018,2,13,2,1,0,0,0.372267,0
1,2018,2,13,2,2,0,0,0.372267,0
1,2018,2,13,2,3,0,0,0.372267,0
1,2018,2,13,3,0,0,0,0.372267,0
1,2018,2,13,3,1,0,0,0.372267,0
1,2018,2,13,3,2,0,0,0.372267,0
1,2018,2,13,3,3,0,0,0.372267,0
1,2018,2,13,4,0,0,0,0.372267,0
1,2018,2,13,4,1,0,0,0.372267,0
1,2018,2,13,4,2,0,0,0.372267,0
1,2018,2,13,4,3,0,0,0.372267,0
1,2018,2,13,5,0,0,0,0.372267,0
1,2018,2,13,5,1,0,0,0.372267,0
1,2018,2,13,5,2,0,0,0.372267,0
1,2018,2,13,5,3,0,0,0.372267,0
1,2018,2,13,6,0,0,0,0.372267,0
1,2018,2,13,6,1,0,0,0.322632,0
1,2018,2,13,13,2,0,0,0.186679,0
1,2018,2,13,13,3,0,0,0.186679,0
1,2018,2,13,14,0,0,0,0.186679,0
1,2018,2,13,14,1,0,0,0.186679,0
1,2018,2,13,14,2,0,0,0.186679,0
1,2018,2,13,14,3,0,0,0.186679,0
1,2018,2,13,15,0,0,0,0.186679,0
1,2018,2,13,15,1,0,0,0.186679,0
1,2018,2,13,15,2,0,0,0.186679,0
1,2018,2,13,15,3,0,0,0.186679,0
1,2018,2,13,16,0,0,0,0.186679,0
1,2018,2,13,16,1,0,0,0.186679,0
1,2018,2,13,16,2,0,0,0.186679,0
1,2018,2,13,16,3,0,0,0.186679,0
1,2018,2,13,17,0,0,0,0.186679,0
1,2018,2,13,17,1,0,0,0.186679,0
1,2018,2,13,17,2,0,0,0.186679,0
1,2018,2,13,17,3,0,0,0.186679,0
1,2018,2,13,18,0,0,0,0.186679,0
1,2018,2,13,18,1,0,0,0.186679,0
1,2018,2,13,18,2,0,0,0.186679,0
1,2018,2,13,18,3,0,0,0.186679,0
1,2018,2,13,19,0,0,0,0.186679,0
1,2018,2,13,19,1,0,0,0.186679,0
1,2018,2,13,19,2,0,0,0.186679,0
1,2018,2,13,19,3,0,0,0.186679,0
1,2018,2,13,20,0,0,0,0.186679,0
1,2018,2,13,20,1,0,0,0.186679,0
1,2018,2,13,20,2,0,0,0.186679,0
1,2018,2,13,20,3,0,0,0.186679,0
1,2018,2,13,21,0,0,0,0.186679,0
1,2018,2,13,21,1,0,0,0.186679,0
1,2018,2,13,21,2,0,0,0.186679,0
1,2018,2,13,21,3,0,0,0.186679,0
1,2018,2,13,22,0,0,0,0.186679,0
1,2018,2,13,22,1,0,0,0.186679,0
1,2018,2,13,22,2,0,0,0.186679,0
1,2018,2,13,22,3,0,0,0.186679,0
1,2018,2,13,23,0,0,0,0.186679,0
1,2018,2,13,23,1,0,0,0.186679,0
1,2018,2,13,23,2,0,0,0.186679,0
1,2018,2,13,23,3,0,0,0.186679,0
1,2018,2,14,0,0,0,0,0.186679,0
1,2018,2,14,0,1,0,0,0.186679,0
1,2018,2,14,0,2,0,0,0.186679,0
1,2018,2,14,0,3,0,0,0.186679,0
1,2018,2,14,1,0,0,0,0.186679,0
1,2018,2,14,1,1,0,0,0.186679,0
1,2018,2,14,1,2,0,0,0.186679,0
1,2018,2,14,1,3,0,0,0.186679,0
1,2018,2,14,2,0,0,0,0.186679,0
1,2018,2,14,2,1,0,0,0.186679,0
1,2018,2,14,2,2,0,0,0.186679,0
1,2018,2,14,2,3,0,0,0.186679,0
1,2018,2,14,3,0,0,0,0.186679,0
1,2018,2,14,3,1,0,0,0.186679,0
1,2018,2,14,3,2,0,0,0.186679,0
1,2018,2,14,3,3,0,0,0.186679,0
1,2018,2,14,4,0,0,0,0.186679,0
1,2018,2,14,4,1,0,0,0.186679,0
1,2018,2,14,4,2,0,0,0.186679,0
1,2018,2,14,4,3,0,0,0.186679,0
1,2018,2,14,5,0,0,0,0.186679,0
1,2018,2,14,5,1,0,0,0.186679,0
1,2018,2,14,5,2,0,0,0.186679,0
1,2018,2,14,5,3,0,0,0.186679,0
1,2018,2,14,6,0,0,0,0.186679,0
1,2018,2,14,6,1,0,0,0.186679,0
1,2018,2,14,6,2,0,0,0.186679,0
1,2018,2,14,6,3,0,0,0.186679,0
1,2018,2,14,7,0,0,0,0.186679,0
1,2018,2,14,7,1,0,0,0.186679,0
1,2018,2,14,7,2,0,0,0.186679,0
1,2018,2,14,7,3,0,0,0.012445,0
1,2018,2,14,18,0,0,0,0.251528,0
1,2018,2,14,18,1,0,0,0.342992,0
1,2018,2,14,18,2,0,0,0.342992,0
1,2018,2,14,18,3,0,0,0.342992,0
1,2018,2,14,19,0,0,0,0.342992,0
1,2018,2,14,19,1,0,0,0.342992,0
1,2018,2,14,19,2,0,0,0.342992,0
1,2018,2,14,19,3,0,0,0.342992,0
1,2018,2,14,20,0,0,0,0.342992,0
1,2018,2,14,20,1,0,0,0.342992,0
1,2018,2,14,20,2,0,0,0.342992,0
1,2018,2,14,20,3,0,0,0.342992,0
1,2018,2,14,21,0,0,0,0.342992,0
1,2018,2,14,21,1,0,0,0.342992,0
1,2018,2,14,21,2,0,0,0.342992,0
1,2018,2,14,21,3,0,0,0.342992,0
1,2018,2,14,22,0,0,0,0.342992,0
1,2018,2,14,22,1,0,0,0.342992,0
1,2018,2,14,22,2,0,0,0.342992,0
1,2018,2,14,22,3,0,0,0.342992,0
1,2018,2,14,23,0,0,0,0.342992,0
1,2018,2,14,23,1,0,0,0.342992,0
1,2018,2,14,23,2,0,0,0.342992,0
1,2018,2,14,23,3,0,0,0.342992,0
1,2018,2,15,0,0,0,0,0.342992,0
1,2018,2,15,0,1,0,0,0.342992,0
1,2018,2,15,0,2,0,0,0.342992,0
1,2018,2,15,0,3,0,0,0.342992,0
1,2018,2,15,1,0,0,0,0.342992,0
1,2018,2,15,1,1,0,0,0.342992,0
1,2018,2,15,1,2,0,0,0.342992,0
1,2018,2,15,1,3,0,0,0.342992,0
1,2018,2,15,2,0,0,0,0.342992,0
1,2018,2,15,2,1,0,0,0.342992,0
1,2018,2,15,2,2,0,0,0.342992,0
1,2018,2,15,2,3,0,0,0.342992,0
1,2018,2,15,3,0,0,0,0.342992,0
1,2018,2,15,3,1,0,0,0.342992,0
1,2018,2,15,3,2,0,0,0.342992,0
1,2018,2,15,3,3,0,0,0.342992,0
1,2018,2,15,4,0,0,0,0.342992,0
1,2018,2,15,4,1,0,0,0.342992,0
1,2018,2,15,4,2,0,0,0.342992,0
1,2018,2,15,4,3,0,0,0.342992,0
1,2018,2,15,5,0,0,0,0.342992,0
1,2018,2,15,5,1,0,0,0.342992,0
1,2018,2,15,5,2,0,0,0.342992,0
1,2018,2,15,5,3,0,0,0.342992,0
1,2018,2,15,6,0,0,0,0.342992,0
1,2018,2,15,6,1,0,0,0.342992,0
1,2018,2,15,6,2,0,0,0.342992,0
1,2018,2,15,6,3,0,0,0.342992,0
1,2018,2,15,7,0,0,0,0.342992,0
1,2018,2,15,7,1,0,0,0.022866,0
1,2018,2,15,18,3,0,0,0.249374,0
1,2018,2,15,19,0,0,0,0.340056,0
1,2018,2,15,19,1,0,0,0.340056,0
1,2018,2,15,19,2,0,0,0.340056,0
1,2018,2,15,19,3,0,0,0.340056,0
1,2018,2,15,20,0,0,0,0.340056,0
1,2018,2,15,20,1,0,0,0.340056,0
1,2018,2,15,20,2,0,0,0.340056,0
1,2018,2,15,20,3,0,0,0.340056,0
1,2018,2,15,21,0,0,0,0.340056,0
1,2018,2,15,21,1,0,0,0.340056,0
1,2018,2,15,21,2,0,0,0.340056,0
1,2018,2,15,21,3,0,0,0.340056,0
1,2018,2,15,22,0,0,0,0.340056,0
1,2018,2,15,22,1,0,0,0.340056,0
1,2018,2,15,22,2,0,0,0.340056,0
1,2018,2,15,22,3,0,0,0.340056,0
1,2018,2,15,23,0,0,0,0.340056,0
1,2018,2,15,23,1,0,0,0.340056,0
1,2018,2,15,23,2,0,0,0.340056,0
1,2018,2,15,23,3,0,0,0.340056,0
1,2018,2,16,0,0,0,0,0.340056,0
1,2018,2,16,0,1,0,0,0.340056,0
1,2018,2,16,0,2,0,0,0.340056,0
1,2018,2,16,0,3,0,0,0.340056,0
1,2018,2,16,1,0,0,0,0.340056,0
1,2018,2,16,1,1,0,0,0.340056,0
1,2018,2,16,1,2,0,0,0.340056,0
1,2018,2,16,1,3,0,0,0.340056,0
1,2018,2,16,2,0,0,0,0.340056,0
1,2018,2,16,2,1,0,0,0.340056,0
1,2018,2,16,2,2,0,0,0.340056,0
1,2018,2,16,2,3,0,0,0.340056,0
1,2018,2,16,3,0,0,0,0.340056,0
1,2018,2,16,3,1,0,0,0.340056,0
1,2018,2,16,3,2,0,0,0.340056,0
1,2018,2,16,3,3,0,0,0.340056,0
1,2018,2,16,4,0,0,0,0.340056,0
1,2018,2,16,4,1,0,0,0.340056,0
1,2018,2,16,4,2,0,0,0.340056,0
1,2018,2,16,4,3,0,0,0.340056,0
1,2018,2,16,5,0,0,0,0.340056,0
1,2018,2,16,5,1,0,0,0.340056,0
1,2018,2,16,5,2,0,0,0.340056,0
1,2018,2,16,5,3,0,0,0.340056,0
1,2018,2,16,6,0,0,0,0.340056,0
1,2018,2,16,6,1,0,0,0.340056,0
1,2018,2,16,6,2,0,0,0.340056,0
1,2018,2,16,6,3,0,0,0.068011,0
1,2018,2,16,18,2,0,0,0.288277,0
1,2018,2,16,18,3,0,0,0.308868,0
1,2018,2,16,19,0,0,0,0.308868,0
1,2018,2,16,19,1,0,0,0.308868,0
1,2018,2,16,19,2,0,0,0.308868,0
1,2018,2,16,19,3,0,0,0.308868,0
1,2018,2,16,20,0,0,0,0.308868,0
1,2018,2,16,20,1,0,0,0.308868,0
1,2018,2,16,20,2,0,0,0.308868,0
1,2018,2,16,20,3,0,0,0.308868,0
1,2018,2,16,21,0,0,0,0.308868,0
1,2018,2,16,21,1,0,0,0.308868,0
1,2018,2,16,21,2,0,0,0.308868,0
1,2018,2,16,21,3,0,0,0.308868,0
1,2018,2,16,22,0,0,0,0.308868,0
1,2018,2,16,22,1,0,0,0.308868,0
1,2018,2,16,22,2,0,0,0.308868,0
1,2018,2,16,22,3,0,0,0.308868,0
1,2018,2,16,23,0,0,0,0.308868,0
1,2018,2,16,23,1,0,0,0.308868,0
1,2018,2,16,23,2,0,0,0.308868,0
1,2018,2,16,23,3,0,0,0.308868,0
1,2018,2,17,0,0,0,0,0.308868,0
1,2018,2,17,0,1,0,0,0.308868,0
1,2018,2,17,0,2,0,0,0.308868,0
1,2018,2,17,0,3,0,0,0.308868,0
1,2018,2,17,1,0,0,0,0.308868,0
1,2018,2,17,1,1,0,0,0.308868,0
1,2018,2,17,1,2,0,0,0.308868,0
1,2018,2,17,1,3,0,0,0.308868,0
1,2018,2,17,2,0,0,0,0.308868,0
1,2018,2,17,2,1,0,0,0.308868,0
1,2018,2,17,2,2,0,0,0.308868,0
1,2018,2,17,2,3,0,0,0.308868,0
1,2018,2,17,3,0,0,0,0.308868,0
1,2018,2,17,3,1,0,0,0.308868,0
1,2018,2,17,3,2,0,0,0.308868,0
1,2018,2,17,3,3,0,0,0.308868,0
1,2018,2,17,4,0,0,0,0.308868,0
1,2018,2,17,4,1,0,0,0.308868,0
1,2018,2,17,4,2,0,0,0.308868,0
1,2018,2,17,4,3,0,0,0.308868,0
1,2018,2,17,5,0,0,0,0.308868,0
1,2018,2,17,5,1,0,0,0.308868,0
1,2018,2,17,5,2,0,0,0.308868,0
1,2018,2,17,5,3,0,0,0.308868,0
1,2018,2,17,6,0,0,0,0.308868,0
1,2018,2,17,6,1,0,0,0.308868,0
1,2018,2,17,6,2,0,0,0.308868,0
1,2018,2,17,6,3,0,0,0.308868,0
1,2018,2,17,7,0,0,0,0.308868,0
1,2018,2,17,7,1,0,0,0.308868,0
1,2018,2,17,7,2,0,0,0.308868,0
1,2018,2,17,7,3,0,0,0.020591,0
1,2018,2,17,18,2,0,0,0.174537,0
1,2018,2,17,18,3,0,0,0.261806,0
1,2018,2,17,19,0,0,0,0.261806,0
1,2018,2,17,19,1,0,0,0.261806,0
1,2018,2,17,19,2,0,0,0.261806,0
1,2018,2,17,19,3,0,0,0.261806,0
1,2018,2,17,20,0,0,0,0.261806,0
1,2018,2,17,20,1,0,0,0.261806,0
1,2018,2,17,20,2,0,0,0.261806,0
1,2018,2,17,20,3,0,0,0.261806,0
1,2018,2,17,21,0,0,0,0.261806,0
1,2018,2,17,21,1,0,0,0.261806,0
1,2018,2,17,21,2,0,0,0.261806,0
1,2018,2,17,21,3,0,0,0.261806,0
1,2018,2,17,22,0,0,0,0.261806,0
1,2018,2,17,22,1,0,0,0.261806,0
1,2018,2,17,22,2,0,0,0.261806,0
1,2018,2,17,22,3,0,0,0.261806,0
1,2018,2,17,23,0,0,0,0.261806,0
1,2018,2,17,23,1,0,0,0.261806,0
1,2018,2,17,23,2,0,0,0.261806,0
1,2018,2,17,23,3,0,0,0.261806,0
1,2018,2,18,0,0,0,0,0.261806,0
1,2018,2,18,0,1,0,0,0.261806,0
1,2018,2,18,0,2,0,0,0.261806,0
1,2018,2,18,0,3,0,0,0.261806,0
1,2018,2,18,1,0,0,0,0.261806,0
1,2018,2,18,1,1,0,0,0.261806,0
1,2018,2,18,1,2,0,0,0.261806,0
1,2018,2,18,1,3,0,0,0.261806,0
1,2018,2,18,2,0,0,0,0.261806,0
1,2018,2,18,2,1,0,0,0.261806,0
1,2018,2,18,2,2,0,0,0.261806,0
1,2018,2,18,2,3,0,0,0.261806,0
1,2018,2,18,3,0,0,0,0.261806,0
1,2018,2,18,3,1,0,0,0.261806,0
1,2018,2,18,3,2,0,0,0.261806,0
1,2018,2,18,3,3,0,0,0.261806,0
1,2018,2,18,4,0,0,0,0.261806,0
1,2018,2,18,4,1,0,0,0.261806,0
1,2018,2,18,4,2,0,0,0.261806,0
1,2018,2,18,4,3,0,0,0.261806,0
1,2018,2,18,5,0,0,0,0.261806,0
1,2018,2,18,5,1,0,0,0.261806,0
1,2018,2,18,5,2,0,0,0.261806,0
1,2018,2,18,5,3,0,0,0.261806,0
1,2018,2,18,6,0,0,0,0.261806,0
1,2018,2,18,6,1,0,0,0.261806,0
1,2018,2,18,6,2,0,0,0.261806,0
1,2018,2,18,6,3,0,0,0.261806,0
1,2018,2,18,7,0,0,0,0.261806,0
1,2018,2,18,7,1,0,0,0.261806,0
1,2018,2,18,7,2,0,0,0.261806,0
1,2018,2,18,7,3,0,0,0.261806,0
1,2018,2,18,8,0,0,0,0.261806,0
1,2018,2,18,8,1,0,0,0.261806,0
1,2018,2,18,8,2,0,0,0.261806,0
1,2018,2,18,8,3,0,0,0.244352,0
1,2018,2,18,18,1,0,0,0.119873,0
1,2018,2,18,18,2,0,0,0.359618,0
1,2018,2,18,18,3,0,0,0.359618,0
1,2018,2,18,19,0,0,0,0.359618,0
1,2018,2,18,19,1,0,0,0.359618,0
1,2018,2,18,19,2,0,0,0.359618,0
1,2018,2,18,19,3,0,0,0.359618,0
1,2018,2,18,20,0,0,0,0.359618,0
1,2018,2,18,20,1,0,0,0.359618,0
1,2018,2,18,20,2,0,0,0.359618,0
1,2018,2,18,20,3,0,0,0.359618,0
1,2018,2,18,21,0,0,0,0.359618,0
1,2018,2,18,21,1,0,0,0.359618,0
1,2018,2,18,21,2,0,0,0.359618,0
1,2018,2,18,21,3,0,0,0.359618,0
1,2018,2,18,22,0,0,0,0.359618,0
1,2018,2,18,22,1,0,0,0.359618,0
1,2018,2,18,22,2,0,0,0.359618,0
1,2018,2,18,22,3,0,0,0.359618,0
1,2018,2,18,23,0,0,0,0.359618,0
1,2018,2,18,23,1,0,0,0.359618,0
1,2018,2,18,23,2,0,0,0.359618,0
1,2018,2,18,23,3,0,0,0.359618,0
1,2018,2,19,0,0,0,0,0.359618,0
1,2018,2,19,0,1,0,0,0.359618,0
1,2018,2,19,0,2,0,0,0.359618,0
1,2018,2,19,0,3,0,0,0.359618,0
1,2018,2,19,1,0,0,0,0.359618,0
1,2018,2,19,1,1,0,0,0.359618,0
1,2018,2,19,1,2,0,0,0.359618,0
1,2018,2,19,1,3,0,0,0.359618,0
1,2018,2,19,2,0,0,0,0.359618,0
1,2018,2,19,2,1,0,0,0.359618,0
1,2018,2,19,2,2,0,0,0.359618,0
1,2018,2,19,2,3,0,0,0.359618,0
1,2018,2,19,3,0,0,0,0.359618,0
1,2018,2,19,3,1,0,0,0.359618,0
1,2018,2,19,3,2,0,0,0.359618,0
1,2018,2,19,3,3,0,0,0.359618,0
1,2018,2,19,4,0,0,0,0.359618,0
1,2018,2,19,4,1,0,0,0.359618,0
1,2018,2,19,4,2,0,0,0.359618,0
1,2018,2,19,4,3,0,0,0.359618,0
1,2018,2,19,5,0,0,0,0.359618,0
1,2018,2,19,5,1,0,0,0.359618,0
1,2018,2,19,5,2,0,0,0.359618,0
1,2018,2,19,5,3,0,0,0.359618,0
1,2018,2,19,6,0,0,0,0.359618,0
1,2018,2,19,6,1,0,0,0.359618,0
1,2018,2,19,6,2,0,0,0.359618,0
1,2018,2,19,6,3,0,0,0.359618,0
1,2018,2,19,7,0,0,0,0.359618,0
1,2018,2,19,7,1,0,0,0.359618,0
1,2018,2,19,18,3,0,0,0.315123,0
1,2018,2,19,19,0,0,0,0.363603,0
1,2018,2,19,19,1,0,0,0.363603,0
1,2018,2,19,19,2,0,0,0.363603,0
1,2018,2,19,19,3,0,0,0.363603,0
1,2018,2,19,20,0,0,0,0.363603,0
1,2018,2,19,20,1,0,0,0.363603,0
1,2018,2,19,20,2,0,0,0.363603,0
1,2018,2,19,20,3,0,0,0.363603,0
1,2018,2,19,21,0,0,0,0.363603,0
1,2018,2,19,21,1,0,0,0.363603,0
1,2018,2,19,21,2,0,0,0.363603,0
1,2018,2,19,21,3,0,0,0.363603,0
1,2018,2,19,22,0,0,0,0.363603,0
1,2018,2,19,22,1,0,0,0.363603,0
1,2018,2,19,22,2,0,0,0.363603,0
1,2018,2,19,22,3,0,0,0.363603,0
1,2018,2,19,23,0,0,0,0.363603,0
1,2018,2,19,23,1,0,0,0.363603,0
1,2018,2,19,23,2,0,0,0.363603,0
1,2018,2,19,23,3,0,0,0.363603,0
1,2018,2,20,0,0,0,0,0.363603,0
1,2018,2,20,0,1,0,0,0.363603,0
1,2018,2,20,0,2,0,0,0.363603,0
1,2018,2,20,0,3,0,0,0.363603,0
1,2018,2,20,1,0,0,0,0.363603,0
1,2018,2,20,1,1,0,0,0.363603,0
1,2018,2,20,1,2,0,0,0.363603,0
1,2018,2,20,1,3,0,0,0.363603,0
1,2018,2,20,2,0,0,0,0.363603,0
1,2018,2,20,2,1,0,0,0.363603,0
1,2018,2,20,2,2,0,0,0.363603,0
1,2018,2,20,2,3,0,0,0.363603,0
1,2018,2,20,3,0,0,0,0.363603,0
1,2018,2,20,3,1,0,0,0.363603,0
1,2018,2,20,3,2,0,0,0.363603,0
1,2018,2,20,3,3,0,0,0.363603,0
1,2018,2,20,4,0,0,0,0.363603,0
1,2018,2,20,4,1,0,0,0.363603,0
1,2018,2,20,4,2,0,0,0.363603,0
1,2018,2,20,4,3,0,0,0.363603,0
1,2018,2,20,5,0,0,0,0.363603,0
1,2018,2,20,5,1,0,0,0.363603,0
1,2018,2,20,5,2,0,0,0.363603,0
1,2018,2,20,5,3,0,0,0.363603,0
1,2018,2,20,6,0,0,0,0.363603,0
1,2018,2,20,12,1,0,0,0.118233,0
1,2018,2,20,12,2,0,0,0.227564,0
1,2018,2,20,12,3,0,0,0.227564,0
1,2018,2,20,13,0,0,0,0.227564,0
1,2018,2,20,13,1,0,0,0.227564,0
1,2018,2,20,13,2,0,0,0.227564,0
1,2018,2,20,13,3,0,0,0.227564,0
1,2018,2,20,14,0,0,0,0.227564,0
1,2018,2,20,14,1,0,0,0.227564,0
1,2018,2,20,14,2,0,0,0.227564,0
1,2018,2,20,14,3,0,0,0.227564,0
1,2018,2,20,15,0,0,0,0.227564,0
1,2018,2,20,15,1,0,0,0.227564,0
1,2018,2,20,15,2,0,0,0.227564,0
1,2018,2,20,15,3,0,0,0.227564,0
1,2018,2,20,16,0,0,0,0.227564,0
1,2018,2,20,16,1,0,0,0.227564,0
1,2018,2,20,16,2,0,0,0.227564,0
1,2018,2,20,16,3,0,0,0.227564,0
1,2018,2,20,17,0,0,0,0.227564,0
1,2018,2,20,17,1,0,0,0.227564,0
1,2018,2,20,17,2,0,0,0.227564,0
1,2018,2,20,17,3,0,0,0.227564,0
1,2018,2,20,18,0,0,0,0.227564,0
1,2018,2,20,18,1,0,0,0.227564,0
1,2018,2,20,18,2,0,0,0.227564,0
1,2018,2,20,18,3,0,0,0.227564,0
1,2018,2,20,19,0,0,0,0.227564,0
1,2018,2,20,19,1,0,0,0.227564,0
1,2018,2,20,19,2,0,0,0.227564,0
1,2018,2,20,19,3,0,0,0.227564,0
1,2018,2,20,20,0,0,0,0.227564,0
1,2018,2,20,20,1,0,0,0.227564,0
1,2018,2,20,20,2,0,0,0.227564,0
1,2018,2,20,20,3,0,0,0.227564,0
1,2018,2,20,21,0,0,0,0.227564,0
1,2018,2,20,21,1,0,0,0.227564,0
1,2018,2,20,21,2,0,0,0.227564,0
1,2018,2,20,21,3,0,0,0.227564,0
1,2018,2,20,22,0,0,0,0.227564,0
1,2018,2,20,22,1,0,0,0.227564,0
1,2018,2,20,22,2,0,0,0.227564,0
1,2018,2,20,22,3,0,0,0.227564,0
1,2018,2,20,23,0,0,0,0.227564,0
1,2018,2,20,23,1,0,0,0.227564,0
1,2018,2,20,23,2,0,0,0.227564,0
1,2018,2,20,23,3,0,0,0.227564,0
1,2018,2,21,0,0,0,0,0.227564,0
1,2018,2,21,0,1,0,0,0.227564,0
1,2018,2,21,0,2,0,0,0.227564,0
1,2018,2,21,0,3,0,0,0.227564,0
1,2018,2,21,1,0,0,0,0.227564,0
1,2018,2,21,1,1,0,0,0.227564,0
1,2018,2,21,1,2,0,0,0.227564,0
1,2018,2,21,1,3,0,0,0.227564,0
1,2018,2,21,2,0,0,0,0.227564,0
1,2018,2,21,2,1,0,0,0.227564,0
1,2018,2,21,2,2,0,0,0.227564,0
1,2018,2,21,2,3,0,0,0.227564,0
1,2018,2,21,3,0,0,0,0.227564,0
1,2018,2,21,3,1,0,0,0.227564,0
1,2018,2,21,3,2,0,0,0.227564,0
1,2018,2,21,3,3,0,0,0.227564,0
1,2018,2,21,4,0,0,0,0.227564,0
1,2018,2,21,4,1,0,0,0.227564,0
1,2018,2,21,4,2,0,0,0.227564,0
1,2018,2,21,4,3,0,0,0.227564,0
1,2018,2,21,5,0,0,0,0.227564,0
1,2018,2,21,5,1,0,0,0.227564,0
1,2018,2,21,5,2,0,0,0.227564,0
1,2018,2,21,5,3,0,0,0.227564,0
1,2018,2,21,6,0,0,0,0.227564,0
1,2018,2,21,6,1,0,0,0.227564,0
1,2018,2,21,6,2,0,0,0.227564,0
1,2018,2,21,6,3,0,0,0.227564,0
1,2018,2,21,7,0,0,0,0.227564,0
1,2018,2,21,7,1,0,0,0.197222,0
1,2018,2,21,12,0,0,0,0.338656,0
1,2018,2,21,12,1,0,0,0.84664,0
1,2018,2,21,12,2,0,0,0.84664,0
1,2018,2,21,12,3,0,0,0.84664,0
1,2018,2,21,13,0,0,0,0.84664,0
1,2018,2,21,13,1,0,0,0.84664,0
1,2018,2,21,13,2,0,0,0.84664,0
1,2018,2,21,13,3,0,0,0.84664,0
1,2018,2,21,14,0,0,0,0.84664,0
1,2018,2,21,14,1,0,0,0.84664,0
1,2018,2,21,14,2,0,0,0.84664,0
1,2018,2,21,14,3,0,0,0.84664,0
1,2018,2,21,15,0,0,0,0.84664,0
1,2018,2,21,15,1,0,0,0.84664,0
1,2018,2,21,15,2,0,0,0.84664,0
1,2018,2,21,15,3,0,0,0.84664,0
1,2018,2,21,16,0,0,0,0.84664,0
1,2018,2,22,19,1,0,0,0.473264,0
1,2018,2,22,19,2,0,0,0.390824,0
1,2018,2,22,19,3,0,0,0.390824,0
1,2018,2,22,20,0,0,0,0.390824,0
1,2018,2,22,20,1,0,0,0.390824,0
1,2018,2,22,20,2,0,0,0.390824,0
1,2018,2,22,20,3,0,0,0.390824,0
1,2018,2,22,21,0,0,0,0.390824,0
1,2018,2,22,21,1,0,0,0.390824,0
1,2018,2,22,21,2,0,0,0.390824,0
1,2018,2,22,21,3,0,0,0.390824,0
1,2018,2,22,22,0,0,0,0.390824,0
1,2018,2,22,22,1,0,0,0.390824,0
1,2018,2,22,22,2,0,0,0.390824,0
1,2018,2,22,22,3,0,0,0.390824,0
1,2018,2,22,23,0,0,0,0.390824,0
1,2018,2,22,23,1,0,0,0.390824,0
1,2018,2,22,23,2,0,0,0.390824,0
1,2018,2,22,23,3,0,0,0.390824,0
1,2018,2,23,0,0,0,0,0.390824,0
1,2018,2,23,0,1,0,0,0.390824,0
1,2018,2,23,0,2,0,0,0.390824,0
1,2018,2,23,0,3,0,0,0.390824,0
1,2018,2,23,1,0,0,0,0.390824,0
1,2018,2,23,1,1,0,0,0.390824,0
1,2018,2,23,1,2,0,0,0.390824,0
1,2018,2,23,1,3,0,0,0.390824,0
1,2018,2,23,2,0,0,0,0.390824,0
1,2018,2,23,2,1,0,0,0.390824,0
1,2018,2,23,2,2,0,0,0.390824,0
1,2018,2,23,2,3,0,0,0.390824,0
1,2018,2,23,3,0,0,0,0.390824,0
1,2018,2,23,3,1,0,0,0.390824,0
1,2018,2,23,3,2,0,0,0.390824,0
1,2018,2,23,3,3,0,0,0.390824,0
1,2018,2,23,4,0,0,0,0.390824,0
1,2018,2,23,4,1,0,0,0.390824,0
1,2018,2,23,4,2,0,0,0.390824,0
1,2018,2,23,4,3,0,0,0.390824,0
1,2018,2,23,5,0,0,0,0.390824,0
1,2018,2,23,5,1,0,0,0.390824,0
1,2018,2,23,5,2,0,0,0.390824,0
1,2018,2,23,5,3,0,0,0.390824,0
1,2018,2,23,6,0,0,0,0.390824,0
1,2018,2,23,6,1,0,0,0.390824,0
1,2018,2,23,6,2,0,0,0.390824,0
1,2018,2,23,18,3,0,0,0.62704,0
1,2018,2,23,19,0,0,0,0.302621,0
1,2018,2,23,19,1,0,0,0.302621,0
1,2018,2,23,19,2,0,0,0.302621,0
1,2018,2,23,19,3,0,0,0.302621,0
1,2018,2,23,20,0,0,0,0.302621,0
1,2018,2,23,20,1,0,0,0.302621,0
1,2018,2,23,20,2,0,0,0.302621,0
1,2018,2,23,20,3,0,0,0.302621,0
1,2018,2,23,21,0,0,0,0.302621,0
1,2018,2,23,21,1,0,0,0.302621,0
1,2018,2,23,21,2,0,0,0.302621,0
1,2018,2,23,21,3,0,0,0.302621,0
1,2018,2,23,22,0,0,0,0.302621,0
1,2018,2,23,22,1,0,0,0.302621,0
1,2018,2,23,22,2,0,0,0.302621,0
1,2018,2,23,22,3,0,0,0.302621,0
1,2018,2,23,23,0,0,0,0.302621,0
1,2018,2,23,23,1,0,0,0.302621,0
1,2018,2,23,23,2,0,0,0.302621,0
1,2018,2,23,23,3,0,0,0.302621,0
1,2018,2,24,0,0,0,0,0.302621,0
1,2018,2,24,0,1,0,0,0.302621,0
1,2018,2,24,0,2,0,0,0.302621,0
1,2018,2,24,0,3,0,0,0.302621,0
1,2018,2,24,1,0,0,0,0.302621,0
1,2018,2,24,1,1,0,0,0.302621,0
1,2018,2,24,1,2,0,0,0.302621,0
1,2018,2,24,1,3,0,0,0.302621,0
1,2018,2,24,2,0,0,0,0.302621,0
1,2018,2,24,2,1,0,0,0.302621,0
1,2018,2,24,2,2,0,0,0.302621,0
1,2018,2,24,2,3,0,0,0.302621,0
1,2018,2,24,3,0,0,0,0.302621,0
1,2018,2,24,3,1,0,0,0.302621,0
1,2018,2,24,3,2,0,0,0.302621,0
1,2018,2,24,3,3,0,0,0.302621,0
1,2018,2,24,4,0,0,0,0.302621,0
1,2018,2,24,4,1,0,0,0.302621,0
1,2018,2,24,4,2,0,0,0.302621,0
1,2018,2,24,4,3,0,0,0.302621,0
1,2018,2,24,5,0,0,0,0.302621,0
1,2018,2,24,5,1,0,0,0.302621,0
1,2018,2,24,5,2,0,0,0.302621,0
1,2018,2,24,5,3,0,0,0.302621,0
1,2018,2,24,6,0,0,0,0.302621,0
1,2018,2,24,6,1,0,0,0.302621,0
1,2018,2,24,6,2,0,0,0.302621,0
1,2018,2,24,6,3,0,0,0.302621,0
1,2018,2,24,7,0,0,0,0.221922,0
1,2018,2,25,13,1,0,0,0.076271,0
1,2018,2,25,13,2,0,0,0.228814,0
1,2018,2,25,13,3,0,0,0.228814,0
1,2018,2,25,14,0,0,0,0.228814,0
1,2018,2,25,14,1,0,0,0.228814,0
1,2018,2,25,14,2,0,0,0.228814,0
1,2018,2,25,14,3,0,0,0.228814,0
1,2018,2,25,15,0,0,0,0.228814,0
1,2018,2,25,15,1,0,0,0.228814,0
1,2018,2,25,15,2,0,0,0.228814,0
1,2018,2,25,15,3,0,0,0.228814,0
1,2018,2,25,16,0,0,0,0.228814,0
1,2018,2,25,16,1,0,0,0.228814,0
1,2018,2,25,16,2,0,0,0.228814,0
1,2018,2,25,16,3,0,0,0.228814,0
1,2018,2,25,17,0,0,0,0.228814,0
1,2018,2,25,17,1,0,0,0.228814,0
1,2018,2,25,17,2,0,0,0.228814,0
1,2018,2,25,17,3,0,0,0.228814,0
1,2018,2,25,18,0,0,0,0.228814,0
1,2018,2,25,18,1,0,0,0.228814,0
1,2018,2,25,18,2,0,0,0.228814,0
1,2018,2,25,18,3,0,0,0.228814,0
1,2018,2,25,19,0,0,0,0.228814,0
1,2018,2,25,19,1,0,0,0.228814,0
1,2018,2,25,19,2,0,0,0.228814,0
1,2018,2,25,19,3,0,0,0.228814,0
1,2018,2,25,20,0,0,0,0.228814,0
1,2018,2,25,20,1,0,0,0.228814,0
1,2018,2,25,20,2,0,0,0.228814,0
1,2018,2,25,20,3,0,0,0.228814,0
1,2018,2,25,21,0,0,0,0.228814,0
1,2018,2,25,21,1,0,0,0.228814,0
1,2018,2,25,21,2,0,0,0.228814,0
1,2018,2,25,21,3,0,0,0.228814,0
1,2018,2,25,22,0,0,0,0.228814,0
1,2018,2,25,22,1,0,0,0.228814,0
1,2018,2,25,22,2,0,0,0.228814,0
1,2018,2,25,22,3,0,0,0.228814,0
1,2018,2,25,23,0,0,0,0.228814,0
1,2018,2,25,23,1,0,0,0.228814,0
1,2018,2,25,23,2,0,0,0.228814,0
1,2018,2,25,23,3,0,0,0.228814,0
1,2018,2,26,0,0,0,0,0.228814,0
1,2018,2,26,0,1,0,0,0.228814,0
1,2018,2,26,0,2,0,0,0.228814,0
1,2018,2,26,0,3,0,0,0.228814,0
1,2018,2,26,1,0,0,0,0.228814,0
1,2018,2,26,1,1,0,0,0.228814,0
1,2018,2,26,1,2,0,0,0.228814,0
1,2018,2,26,1,3,0,0,0.228814,0
1,2018,2,26,2,0,0,0,0.228814,0
1,2018,2,26,2,1,0,0,0.228814,0
1,2018,2,26,2,2,0,0,0.228814,0
1,2018,2,26,2,3,0,0,0.228814,0
1,2018,2,26,3,0,0,0,0.228814,0
1,2018,2,26,3,1,0,0,0.228814,0
1,2018,2,26,3,2,0,0,0.228814,0
1,2018,2,26,3,3,0,0,0.228814,0
1,2018,2,26,4,0,0,0,0.228814,0
1,2018,2,26,4,1,0,0,0.228814,0
1,2018,2,26,4,2,0,0,0.228814,0
1,2018,2,26,4,3,0,0,0.228814,0
1,2018,2,26,5,0,0,0,0.228814,0
1,2018,2,26,5,1,0,0,0.228814,0
1,2018,2,26,5,2,0,0,0.228814,0
1,2018,2,26,5,3,0,0,0.228814,0
1,2018,2,26,6,0,0,0,0.228814,0
1,2018,2,26,6,1,0,0,0.228814,0
1,2018,2,26,6,2,0,0,0.228814,0
1,2018,2,26,6,3,0,0,0.228814,0
1,2018,2,26,7,0,0,0,0.10678,0
1,2018,2,26,19,1,0,0,0.331589,0
1,2018,2,26,19,2,0,0,0.382602,0
1,2018,2,26,19,3,0,0,0.382602,0
1,2018,2,26,20,0,0,0,0.382602,0
1,2018,2,26,20,1,0,0,0.382602,0
1,2018,2,26,20,2,0,0,0.382602,0
1,2018,2,26,20,3,0,0,0.382602,0
1,2018,2,26,21,0,0,0,0.382602,0
1,2018,2,26,21,1,0,0,0.382602,0
1,2018,2,26,21,2,0,0,0.382602,0
1,2018,2,26,21,3,0,0,0.382602,0
1,2018,2,26,22,0,0,0,0.382602,0
1,2018,2,26,22,1,0,0,0.382602,0
1,2018,2,26,22,2,0,0,0.382602,0
1,2018,2,26,22,3,0,0,0.382602,0
1,2018,2,26,23,0,0,0,0.382602,0
1,2018,2,26,23,1,0,0,0.382602,0
1,2018,2,26,23,2,0,0,0.382602,0
1,2018,2,26,23,3,0,0,0.382602,0
1,2018,2,27,0,0,0,0,0.382602,0
1,2018,2,27,0,1,0,0,0.382602,0
1,2018,2,27,0,2,0,0,0.382602,0
1,2018,2,27,0,3,0,0,0.382602,0
1,2018,2,27,1,0,0,0,0.382602,0
1,2018,2,27,1,1,0,0,0.382602,0
1,2018,2,27,1,2,0,0,0.382602,0
1,2018,2,27,1,3,0,0,0.382602,0
1,2018,2,27,2,0,0,0,0.382602,0
1,2018,2,27,2,1,0,0,0.382602,0
1,2018,2,27,2,2,0,0,0.382602,0
1,2018,2,27,2,3,0,0,0.382602,0
1,2018,2,27,3,0,0,0,0.382602,0
1,2018,2,27,3,1,0,0,0.382602,0
1,2018,2,27,3,2,0,0,0.382602,0
1,2018,2,27,3,3,0,0,0.382602,0
1,2018,2,27,4,0,0,0,0.382602,0
1,2018,2,27,4,1,0,0,0.382602,0
1,2018,2,27,4,2,0,0,0.382602,0
1,2018,2,27,4,3,0,0,0.382602,0
1,2018,2,27,5,0,0,0,0.382602,0
1,2018,2,27,5,1,0,0,0.382602,0
1,2018,2,27,5,2,0,0,0.382602,0
1,2018,2,27,5,3,0,0,0.382602,0
1,2018,2,27,6,0,0,0,0.382602,0
1,2018,2,27,6,1,0,0,0.07652,0
1,2018,2,28,17,0,0,0,0.247229,0
1,2018,2,28,17,1,0,0,0.370844,0
1,2018,2,28,17,2,0,0,0.370844,0
1,2018,2,28,17,3,0,0,0.370844,0
1,2018,2,28,18,0,0,0,0.370844,0
1,2018,2,28,18,1,0,0,0.370844,0
1,2018,2,28,18,2,0,0,0.370844,0
1,2018,2,28,18,3,0,0,0.370844,0
1,2018,2,28,19,0,0,0,0.370844,0
1,2018,2,28,19,1,0,0,0.370844,0
1,2018,2,28,19,2,0,0,0.370844,0
1,2018,2,28,19,3,0,0,0.370844,0
1,2018,2,28,20,0,0,0,0.370844,0
1,2018,2,28,20,1,0,0,0.370844,0
1,2018,2,28,20,2,0,0,0.370844,0
1,2018,2,28,20,3,0,0,0.370844,0
1,2018,2,28,21,0,0,0,0.370844,0
1,2018,2,28,21,1,0,0,0.370844,0
1,2018,2,28,21,2,0,0,0.370844,0
1,2018,2,28,21,3,0,0,0.370844,0
1,2018,2,28,22,0,0,0,0.370844,0
1,2018,2,28,22,1,0,0,0.370844,0
1,2018,2,28,22,2,0,0,0.370844,0
1,2018,2,28,22,3,0,0,0.370844,0
1,2018,2,28,23,0,0,0,0.370844,0
1,2018,2,28,23,1,0,0,0.370844,0
1,2018,2,28,23,2,0,0,0.370844,0
1,2018,2,28,23,3,0,0,0.370844,0
1,2018,3,1,0,0,0,0,0.370844,0
1,2018,3,1,0,1,0,0,0.370844,0
1,2018,3,1,0,2,0,0,0.370844,0
1,2018,3,1,0,3,0,0,0.370844,0
1,2018,3,1,1,0,0,0,0.370844,0
1,2018,3,1,1,1,0,0,0.370844,0
1,2018,3,1,1,2,0,0,0.370844,0
1,2018,3,1,1,3,0,0,0.370844,0
1,2018,3,1,2,0,0,0,0.370844,0
1,2018,3,1,2,1,0,0,0.370844,0
1,2018,3,1,2,2,0,0,0.370844,0
1,2018,3,1,2,3,0,0,0.370844,0
1,2018,3,1,3,0,0,0,0.370844,0
1,2018,3,1,3,1,0,0,0.370844,0
1,2018,3,1,3,2,0,0,0.370844,0
1,2018,3,1,3,3,0,0,0.370844,0
1,2018,3,1,4,0,0,0,0.370844,0
1,2018,3,1,4,1,0,0,0.370844,0
1,2018,3,1,4,2,0,0,0.370844,0
1,2018,3,1,4,3,0,0,0.370844,0
1,2018,3,1,5,0,0,0,0.370844,0
1,2018,3,1,5,1,0,0,0.370844,0
1,2018,3,1,5,2,0,0,0.370844,0
1,2018,3,1,5,3,0,0,0.370844,0
1,2018,3,1,6,0,0,0,0.370844,0
1,2018,3,5,19,1,0,0,0.142515,0
1,2018,3,5,19,2,0,0,0.327178,0
1,2018,3,5,19,3,0,0,0.327178,0
1,2018,3,5,20,0,0,0,0.327178,0
1,2018,3,5,20,1,0,0,0.327178,0
1,2018,3,5,20,2,0,0,0.327178,0
1,2018,3,5,20,3,0,0,0.327178,0
1,2018,3,5,21,0,0,0,0.327178,0
1,2018,3,5,21,1,0,0,0.327178,0
1,2018,3,5,21,2,0,0,0.327178,0
1,2018,3,5,21,3,0,0,0.327178,0
1,2018,3,5,22,0,0,0,0.327178,0
1,2018,3,5,22,1,0,0,0.327178,0
1,2018,3,5,22,2,0,0,0.327178,0
1,2018,3,5,22,3,0,0,0.327178,0
1,2018,3,5,23,0,0,0,0.327178,0
1,2018,3,5,23,1,0,0,0.327178,0
1,2018,3,5,23,2,0,0,0.327178,0
1,2018,3,5,23,3,0,0,0.327178,0
1,2018,3,6,0,0,0,0,0.327178,0
1,2018,3,6,0,1,0,0,0.327178,0
1,2018,3,6,0,2,0,0,0.327178,0
1,2018,3,6,0,3,0,0,0.327178,0
1,2018,3,6,1,0,0,0,0.327178,0
1,2018,3,6,1,1,0,0,0.327178,0
1,2018,3,6,1,2,0,0,0.327178,0
1,2018,3,6,1,3,0,0,0.327178,0
1,2018,3,6,2,0,0,0,0.327178,0
1,2018,3,6,2,1,0,0,0.327178,0
1,2018,3,6,2,2,0,0,0.327178,0
1,2018,3,6,2,3,0,0,0.327178,0
1,2018,3,6,3,0,0,0,0.327178,0
1,2018,3,6,3,1,0,0,0.327178,0
1,2018,3,6,3,2,0,0,0.327178,0
1,2018,3,6,3,3,0,0,0.327178,0
1,2018,3,6,4,0,0,0,0.327178,0
1,2018,3,6,4,1,0,0,0.327178,0
1,2018,3,6,4,2,0,0,0.327178,0
1,2018,3,6,4,3,0,0,0.327178,0
1,2018,3,6,5,0,0,0,0.327178,0
1,2018,3,6,5,1,0,0,0.327178,0
1,2018,3,6,5,2,0,0,0.327178,0
1,2018,3,6,5,3,0,0,0.327178,0
1,2018,3,6,6,0,0,0,0.327178,0
1,2018,3,6,6,1,0,0,0.327178,0
1,2018,3,6,6,2,0,0,0.327178,0
1,2018,3,6,6,3,0,0,0.327178,0
1,2018,3,6,7,0,0,0,0.327178,0
1,2018,3,6,7,1,0,0,0.327178,0
1,2018,3,8,13,2,0,0,0.021812,0
1,2018,3,8,13,3,0,0,0,0
1,2018,3,8,14,0,0,0,0,0
1,2018,3,8,14,1,0,0,0,0
1,2018,3,8,14,2,0,0,0,0
1,2018,3,8,14,3,0,0,0,0
1,2018,3,8,19,2,0,0,0.131451,0
1,2018,3,8,19,3,0,0,0.328627,0
1,2018,3,8,20,0,0,0,0.328627,0
1,2018,3,8,20,1,0,0,0.328627,0
1,2018,3,8,20,2,0,0,0.328627,0
1,2018,3,8,20,3,0,0,0.328627,0
1,2018,3,8,21,0,0,0,0.328627,0
1,2018,3,8,21,1,0,0,0.328627,0
1,2018,3,8,21,2,0,0,0.328627,0
1,2018,3,8,21,3,0,0,0.328627,0
1,2018,3,8,22,0,0,0,0.328627,0
1,2018,3,8,22,1,0,0,0.328627,0
1,2018,3,8,22,2,0,0,0.328627,0
1,2018,3,8,22,3,0,0,0.328627,0
1,2018,3,8,23,0,0,0,0.328627,0
1,2018,3,8,23,1,0,0,0.328627,0
1,2018,3,8,23,2,0,0,0.328627,0
1,2018,3,8,23,3,0,0,0.328627,0
1,2018,3,9,0,0,0,0,0.328627,0
1,2018,3,9,0,1,0,0,0.328627,0
1,2018,3,9,0,2,0,0,0.328627,0
1,2018,3,9,0,3,0,0,0.328627,0
1,2018,3,9,1,0,0,0,0.328627,0
1,2018,3,9,1,1,0,0,0.328627,0
1,2018,3,9,1,2,0,0,0.328627,0
1,2018,3,9,1,3,0,0,0.328627,0
1,2018,3,9,2,0,0,0,0.328627,0
1,2018,3,9,2,1,0,0,0.328627,0
1,2018,3,9,2,2,0,0,0.328627,0
1,2018,3,9,2,3,0,0,0.328627,0
1,2018,3,9,3,0,0,0,0.328627,0
1,2018,3,9,3,1,0,0,0.328627,0
1,2018,3,9,3,2,0,0,0.328627,0
1,2018,3,9,3,3,0,0,0.328627,0
1,2018,3,9,4,0,0,0,0.328627,0
1,2018,3,9,4,1,0,0,0.328627,0
1,2018,3,9,4,2,0,0,0.328627,0
1,2018,3,9,4,3,0,0,0.328627,0
1,2018,3,9,5,0,0,0,0.328627,0
1,2018,3,9,5,1,0,0,0.328627,0
1,2018,3,9,5,2,0,0,0.328627,0
1,2018,3,9,5,3,0,0,0.328627,0
1,2018,3,9,6,0,0,0,0.328627,0
1,2018,3,9,6,1,0,0,0.328627,0
1,2018,3,9,6,2,0,0,0.328627,0
1,2018,3,9,6,3,0,0,0.328627,0
1,2018,3,9,7,0,0,0,0.328627,0
1,2018,3,9,7,1,0,0,0.328627,0
1,2018,3,9,7,2,0,0,0.328627,0
1,2018,3,9,7,3,0,0,0.328627,0
1,2018,3,9,8,0,0,0,0.328627,0
1,2018,3,9,8,1,0,0,0.197176,0
1,2018,3,10,13,3,0,0,0.118012,0
1,2018,3,10,14,0,0,0,0.885088,0
1,2018,3,10,14,1,0,0,0.885088,0
1,2018,3,10,14,2,0,0,0.885088,0
1,2018,3,10,14,3,0,0,0.885088,0
1,2018,3,10,15,0,0,0,0.885088,0
1,2018,3,10,15,1,0,0,0.885088,0
1,2018,3,10,15,2,0,0,0.885088,0
1,2018,3,10,15,3,0,0,0.885088,0
1,2018,3,10,16,0,0,0,0.885088,0
1,2018,3,10,16,1,0,0,0.885088,0
1,2018,3,10,16,2,0,0,0.885088,0
1,2018,3,10,16,3,0,0,0.236023,0
1,2018,3,10,19,1,0,0,0.041964,0
1,2018,3,10,19,2,0,0,0.314731,0
1,2018,3,10,19,3,0,0,0.314731,0
1,2018,3,10,20,0,0,0,0.314731,0
1,2018,3,10,20,1,0,0,0.314731,0
1,2018,3,10,20,2,0,0,0.314731,0
1,2018,3,10,20,3,0,0,0.314731,0
1,2018,3,10,21,0,0,0,0.314731,0
1,2018,3,10,21,1,0,0,0.314731,0
1,2018,3,10,21,2,0,0,0.314731,0
1,2018,3,10,21,3,0,0,0.314731,0
1,2018,3,10,22,0,0,0,0.314731,0
1,2018,3,10,22,1,0,0,0.314731,0
1,2018,3,10,22,2,0,0,0.314731,0
1,2018,3,10,22,3,0,0,0.314731,0
1,2018,3,10,23,0,0,0,0.314731,0
1,2018,3,10,23,1,0,0,0.314731,0
1,2018,3,10,23,2,0,0,0.314731,0
1,2018,3,10,23,3,0,0,0.314731,0
1,2018,3,11,0,0,0,0,0.314731,0
1,2018,3,11,0,1,0,0,0.314731,0
1,2018,3,11,0,2,0,0,0.314731,0
1,2018,3,11,0,3,0,0,0.314731,0
1,2018,3,11,1,0,0,0,0.314731,0
1,2018,3,11,1,1,0,0,0.314731,0
1,2018,3,11,1,2,0,0,0.314731,0
1,2018,3,11,1,3,0,0,0.314731,0
1,2018,3,11,2,0,0,0,0.314731,0
1,2018,3,11,2,1,0,0,0.314731,0
1,2018,3,11,2,2,0,0,0.314731,0
1,2018,3,11,2,3,0,0,0.314731,0
1,2018,3,11,3,0,0,0,0.314731,0
1,2018,3,11,3,1,0,0,0.314731,0
1,2018,3,11,3,2,0,0,0.314731,0
1,2018,3,11,3,3,0,0,0.314731,0
1,2018,3,11,4,0,0,0,0.314731,0
1,2018,3,11,4,1,0,0,0.314731,0
1,2018,3,11,4,2,0,0,0.314731,0
1,2018,3,11,4,3,0,0,0.314731,0
1,2018,3,11,5,0,0,0,0.314731,0
1,2018,3,11,5,1,0,0,0.314731,0
1,2018,3,11,5,2,0,0,0.314731,0
1,2018,3,11,5,3,0,0,0.314731,0
1,2018,3,11,6,0,0,0,0.314731,0
1,2018,3,11,6,1,0,0,0.314731,0
1,2018,3,11,6,2,0,0,0.314731,0
1,2018,3,11,6,3,0,0,0.314731,0
1,2018,3,11,7,0,0,0,0.314731,0
1,2018,3,11,7,1,0,0,0.314731,0
1,2018,3,11,7,2,0,0,0.314731,0
1,2018,3,11,7,3,0,0,0.314731,0
1,2018,3,11,8,0,0,0,0.314731,0
1,2018,3,11,8,1,0,0,0.314731,0
1,2018,3,11,8,2,0,0,0.314731,0
1,2018,3,11,8,3,0,0,0.314731,0
1,2018,3,11,9,0,0,0,0.314731,0
1,2018,3,11,9,1,0,0,0.167856,0
1,2018,3,12,19,3,0,0,0.467755,0
1,2018,3,12,20,0,0,0,0.877041,0
1,2018,3,12,20,1,0,0,0.877041,0
1,2018,3,12,20,2,0,0,0.877041,0
1,2018,3,12,20,3,0,0,0.877041,0
1,2018,3,12,21,0,0,0,0.877041,0
1,2018,3,12,21,1,0,0,0.877041,0
1,2018,3,14,15,2,0,0,0.884177,0
1,2018,3,14,15,3,0,0,0.884177,0
1,2018,3,14,16,0,0,0,0.884177,0
1,2018,3,14,16,1,0,0,0.884177,0
1,2018,3,14,16,2,0,0,0.884177,0
1,2018,3,14,16,3,0,0,0.884177,0
1,2018,3,14,17,0,0,0,0.884177,0
1,2018,3,14,17,1,0,0,0.884177,0
1,2018,3,14,17,2,0,0,0.884177,0
1,2018,3,14,17,3,0,0,0.884177,0
1,2018,3,14,18,0,0,0,0.884177,0
1,2018,3,14,18,1,0,0,0.884177,0
1,2018,3,14,18,2,0,0,0.884177,0
1,2018,3,14,18,3,0,0,0.884177,0
1,2018,3,14,19,0,0,0,0.884177,0
1,2018,3,15,18,1,0,0,0.782601,0
1,2018,3,15,18,2,0,0,0.376295,0
1,2018,3,15,18,3,0,0,0.376295,0
1,2018,3,15,19,0,0,0,0.376295,0
1,2018,3,15,19,1,0,0,0.376295,0
1,2018,3,15,19,2,0,0,0.376295,0
1,2018,3,15,19,3,0,0,0.376295,0
1,2018,3,15,20,0,0,0,0.376295,0
1,2018,3,15,20,1,0,0,0.376295,0
1,2018,3,15,20,2,0,0,0.376295,0
1,2018,3,15,20,3,0,0,0.376295,0
1,2018,3,15,21,0,0,0,0.376295,0
1,2018,3,15,21,1,0,0,0.376295,0
1,2018,3,15,21,2,0,0,0.376295,0
1,2018,3,15,21,3,0,0,0.376295,0
1,2018,3,15,22,0,0,0,0.376295,0
1,2018,3,15,22,1,0,0,0.376295,0
1,2018,3,15,22,2,0,0,0.376295,0
1,2018,3,15,22,3,0,0,0.376295,0
1,2018,3,15,23,0,0,0,0.376295,0
1,2018,3,15,23,1,0,0,0.376295,0
1,2018,3,15,23,2,0,0,0.376295,0
1,2018,3,15,23,3,0,0,0.376295,0
1,2018,3,16,0,0,0,0,0.376295,0
1,2018,3,16,0,1,0,0,0.376295,0
1,2018,3,16,0,2,0,0,0.376295,0
1,2018,3,16,0,3,0,0,0.376295,0
1,2018,3,16,1,0,0,0,0.376295,0
1,2018,3,16,1,1,0,0,0.376295,0
1,2018,3,16,1,2,0,0,0.376295,0
1,2018,3,16,1,3,0,0,0.376295,0
1,2018,3,16,2,0,0,0,0.376295,0
1,2018,3,16,2,1,0,0,0.376295,0
1,2018,3,16,2,2,0,0,0.376295,0
1,2018,3,16,2,3,0,0,0.376295,0
1,2018,3,16,3,0,0,0,0.376295,0
1,2018,3,16,3,1,0,0,0.376295,0
1,2018,3,16,3,2,0,0,0.376295,0
1,2018,3,16,3,3,0,0,0.376295,0
1,2018,3,16,4,0,0,0,0.376295,0
1,2018,3,16,4,1,0,0,0.376295,0
1,2018,3,16,4,2,0,0,0.376295,0
1,2018,3,16,4,3,0,0,0.376295,0
1,2018,3,16,5,0,0,0,0.376295,0
1,2018,3,16,5,1,0,0,0.376295,0
1,2018,3,16,5,2,0,0,0.376295,0
1,2018,3,16,5,3,0,0,0.376295,0
1,2018,3,16,6,0,0,0,0.376295,0
1,2018,3,16,6,1,0,0,0.376295,0
1,2018,3,16,6,2,0,0,0.376295,0
1,2018,3,16,6,3,0,0,0.376295,0
1,2018,3,16,7,0,0,0,0,0
1,2018,3,16,11,2,0,0,0.593443,0
1,2018,3,16,11,3,0,0,0.890164,0
1,2018,3,16,12,0,0,0,0.890164,0
1,2018,3,16,12,1,0,0,0.890164,0
1,2018,3,16,12,2,0,0,0.890164,0
1,2018,3,16,12,3,0,0,0.890164,0
1,2018,3,16,13,0,0,0,0.890164,0
1,2018,3,16,13,1,0,0,0.890164,0
1,2018,3,16,13,2,0,0,0.41541,0
1,2018,3,17,20,1,0,0,0.193293,0
1,2018,3,17,20,2,0,0,0.362425,0
1,2018,3,17,20,3,0,0,0.362425,0
1,2018,3,17,21,0,0,0,0.362425,0
1,2018,3,17,21,1,0,0,0.362425,0
1,2018,3,17,21,2,0,0,0.362425,0
1,2018,3,17,21,3,0,0,0.362425,0
1,2018,3,17,22,0,0,0,0.362425,0
1,2018,3,17,22,1,0,0,0.362425,0
1,2018,3,17,22,2,0,0,0.362425,0
1,2018,3,17,22,3,0,0,0.362425,0
1,2018,3,17,23,0,0,0,0.362425,0
1,2018,3,17,23,1,0,0,0.362425,0
1,2018,3,17,23,2,0,0,0.362425,0
1,2018,3,17,23,3,0,0,0.362425,0
1,2018,3,18,0,0,0,0,0.362425,0
1,2018,3,18,0,1,0,0,0.362425,0
1,2018,3,18,0,2,0,0,0.362425,0
1,2018,3,18,0,3,0,0,0.362425,0
1,2018,3,18,1,0,0,0,0.362425,0
1,2018,3,18,1,1,0,0,0.362425,0
1,2018,3,18,1,2,0,0,0.362425,0
1,2018,3,18,1,3,0,0,0.362425,0
1,2018,3,18,2,0,0,0,0.362425,0
1,2018,3,18,2,1,0,0,0.362425,0
1,2018,3,18,2,2,0,0,0.362425,0
1,2018,3,18,2,3,0,0,0.362425,0
1,2018,3,18,3,0,0,0,0.362425,0
1,2018,3,18,3,1,0,0,0.362425,0
1,2018,3,18,3,2,0,0,0.362425,0
1,2018,3,18,3,3,0,0,0.362425,0
1,2018,3,18,4,0,0,0,0.362425,0
1,2018,3,18,4,1,0,0,0.362425,0
1,2018,3,18,4,2,0,0,0.362425,0
1,2018,3,18,4,3,0,0,0.362425,0
1,2018,3,18,5,0,0,0,0.362425,0
1,2018,3,18,5,1,0,0,0.362425,0
1,2018,3,18,5,2,0,0,0.362425,0
1,2018,3,18,5,3,0,0,0.362425,0
1,2018,3,18,6,0,0,0,0.362425,0
1,2018,3,18,6,1,0,0,0.362425,0
1,2018,3,18,6,2,0,0,0.362425,0
1,2018,3,18,6,3,0,0,0.362425,0
1,2018,3,18,7,0,0,0,0.362425,0
1,2018,3,18,7,1,0,0,0.362425,0
1,2018,3,19,18,3,0,0,0.123367,0
1,2018,3,19,19,0,0,0,0.370102,0
1,2018,3,19,19,1,0,0,0.370102,0
1,2018,3,19,19,2,0,0,0.370102,0
1,2018,3,19,19,3,0,0,0.370102,0
1,2018,3,19,20,0,0,0,0.370102,0
1,2018,3,19,20,1,0,0,0.370102,0
1,2018,3,19,20,2,0,0,0.370102,0
1,2018,3,19,20,3,0,0,0.370102,0
1,2018,3,19,21,0,0,0,0.370102,0
1,2018,3,19,21,1,0,0,0.370102,0
1,2018,3,19,21,2,0,0,0.370102,0
1,2018,3,19,21,3,0,0,0.370102,0
1,2018,3,19,22,0,0,0,0.370102,0
1,2018,3,19,22,1,0,0,0.370102,0
1,2018,3,19,22,2,0,0,0.370102,0
1,2018,3,19,22,3,0,0,0.370102,0
1,2018,3,19,23,0,0,0,0.370102,0
1,2018,3,19,23,1,0,0,0.370102,0
1,2018,3,19,23,2,0,0,0.370102,0
1,2018,3,19,23,3,0,0,0.370102,0
1,2018,3,20,0,0,0,0,0.370102,0
1,2018,3,20,0,1,0,0,0.370102,0
1,2018,3,20,0,2,0,0,0.370102,0
1,2018,3,20,0,3,0,0,0.370102,0
1,2018,3,20,1,0,0,0,0.370102,0
1,2018,3,20,1,1,0,0,0.370102,0
1,2018,3,20,1,2,0,0,0.370102,0
1,2018,3,20,1,3,0,0,0.370102,0
1,2018,3,20,2,0,0,0,0.370102,0
1,2018,3,20,2,1,0,0,0.370102,0
1,2018,3,20,2,2,0,0,0.370102,0
1,2018,3,20,2,3,0,0,0.370102,0
1,2018,3,20,3,0,0,0,0.370102,0
1,2018,3,20,3,1,0,0,0.370102,0
1,2018,3,20,3,2,0,0,0.370102,0
1,2018,3,20,3,3,0,0,0.370102,0
1,2018,3,20,4,0,0,0,0.370102,0
1,2018,3,20,4,1,0,0,0.370102,0
1,2018,3,20,4,2,0,0,0.370102,0
1,2018,3,20,4,3,0,0,0.370102,0
1,2018,3,20,5,0,0,0,0.370102,0
1,2018,3,20,5,1,0,0,0.370102,0
1,2018,3,20,5,2,0,0,0.370102,0
1,2018,3,20,5,3,0,0,0.370102,0
1,2018,3,20,6,0,0,0,0.370102,0
1,2018,3,21,20,1,0,0,0.301698,0
1,2018,3,21,20,2,0,0,0.398187,0
1,2018,3,21,20,3,0,0,0.398187,0
1,2018,3,21,21,0,0,0,0.398187,0
1,2018,3,21,21,1,0,0,0.398187,0
1,2018,3,21,21,2,0,0,0.398187,0
1,2018,3,21,21,3,0,0,0.398187,0
1,2018,3,21,22,0,0,0,0.398187,0
1,2018,3,21,22,1,0,0,0.398187,0
1,2018,3,21,22,2,0,0,0.398187,0
1,2018,3,21,22,3,0,0,0.398187,0
1,2018,3,21,23,0,0,0,0.398187,0
1,2018,3,21,23,1,0,0,0.398187,0
1,2018,3,21,23,2,0,0,0.398187,0
1,2018,3,21,23,3,0,0,0.398187,0
1,2018,3,22,0,0,0,0,0.398187,0
1,2018,3,22,0,1,0,0,0.398187,0
1,2018,3,22,0,2,0,0,0.398187,0
1,2018,3,22,0,3,0,0,0.398187,0
1,2018,3,22,1,0,0,0,0.398187,0
1,2018,3,22,1,1,0,0,0.398187,0
1,2018,3,22,1,2,0,0,0.398187,0
1,2018,3,22,1,3,0,0,0.398187,0
1,2018,3,22,2,0,0,0,0.398187,0
1,2018,3,22,2,1,0,0,0.398187,0
1,2018,3,22,2,2,0,0,0.398187,0
1,2018,3,22,2,3,0,0,0.398187,0
1,2018,3,22,3,0,0,0,0.398187,0
1,2018,3,22,3,1,0,0,0.398187,0
1,2018,3,22,3,2,0,0,0.398187,0
1,2018,3,22,3,3,0,0,0.398187,0
1,2018,3,22,4,0,0,0,0.398187,0
1,2018,3,22,4,1,0,0,0.398187,0
1,2018,3,22,4,2,0,0,0.398187,0
1,2018,3,22,4,3,0,0,0.398187,0
1,2018,3,22,5,0,0,0,0.398187,0
1,2018,3,22,5,1,0,0,0.398187,0
1,2018,3,22,5,2,0,0,0.398187,0
1,2018,3,22,5,3,0,0,0.398187,0
1,2018,3,22,19,0,0,0,0.432112,0
1,2018,3,22,19,1,0,0,0.372051,0
1,2018,3,22,19,2,0,0,0.372051,0
1,2018,3,22,19,3,0,0,0.372051,0
1,2018,3,22,20,0,0,0,0.372051,0
1,2018,3,22,20,1,0,0,0.372051,0
1,2018,3,22,20,2,0,0,0.372051,0
1,2018,3,22,20,3,0,0,0.372051,0
1,2018,3,22,21,0,0,0,0.372051,0
1,2018,3,22,21,1,0,0,0.372051,0
1,2018,3,22,21,2,0,0,0.372051,0
1,2018,3,22,21,3,0,0,0.372051,0
1,2018,3,22,22,0,0,0,0.372051,0
1,2018,3,22,22,1,0,0,0.372051,0
1,2018,3,22,22,2,0,0,0.372051,0
1,2018,3,22,22,3,0,0,0.372051,0
1,2018,3,22,23,0,0,0,0.372051,0
1,2018,3,22,23,1,0,0,0.372051,0
1,2018,3,22,23,2,0,0,0.372051,0
1,2018,3,22,23,3,0,0,0.372051,0
1,2018,3,23,0,0,0,0,0.372051,0
1,2018,3,23,0,1,0,0,0.372051,0
1,2018,3,23,0,2,0,0,0.372051,0
1,2018,3,23,0,3,0,0,0.372051,0
1,2018,3,23,1,0,0,0,0.372051,0
1,2018,3,23,1,1,0,0,0.372051,0
1,2018,3,23,1,2,0,0,0.372051,0
1,2018,3,23,1,3,0,0,0.372051,0
1,2018,3,23,2,0,0,0,0.372051,0
1,2018,3,23,2,1,0,0,0.372051,0
1,2018,3,23,2,2,0,0,0.372051,0
1,2018,3,23,2,3,0,0,0.372051,0
1,2018,3,23,3,0,0,0,0.372051,0
1,2018,3,23,3,1,0,0,0.372051,0
1,2018,3,23,3,2,0,0,0.372051,0
1,2018,3,23,3,3,0,0,0.372051,0
1,2018,3,23,4,0,0,0,0.372051,0
1,2018,3,23,4,1,0,0,0.372051,0
1,2018,3,23,4,2,0,0,0.372051,0
1,2018,3,23,4,3,0,0,0.372051,0
1,2018,3,23,5,0,0,0,0.372051,0
1,2018,3,23,5,1,0,0,0.372051,0
1,2018,3,23,5,2,0,0,0.372051,0
1,2018,3,23,5,3,0,0,0.372051,0
1,2018,3,23,6,0,0,0,0.372051,0
1,2018,3,23,6,1,0,0,0.372051,0
1,2018,3,23,6,2,0,0,0.372051,0
1,2018,3,23,14,3,0,0,0.485517,0
1,2018,3,23,15,0,0,0,0.2454,0
1,2018,3,23,15,1,0,0,0.2454,0
1,2018,3,23,15,2,0,0,0.2454,0
1,2018,3,23,15,3,0,0,0.2454,0
1,2018,3,23,16,0,0,0,0.2454,0
1,2018,3,23,16,1,0,0,0.2454,0
1,2018,3,23,16,2,0,0,0.2454,0
1,2018,3,23,16,3,0,0,0.2454,0
1,2018,3,23,17,0,0,0,0.2454,0
1,2018,3,23,17,1,0,0,0.2454,0
1,2018,3,23,17,2,0,0,0.2454,0
1,2018,3,23,17,3,0,0,0.2454,0
1,2018,3,23,18,0,0,0,0.2454,0
1,2018,3,23,18,1,0,0,0.2454,0
1,2018,3,23,18,2,0,0,0.2454,0
1,2018,3,23,18,3,0,0,0.2454,0
1,2018,3,23,19,0,0,0,0.2454,0
1,2018,3,23,19,1,0,0,0.2454,0
1,2018,3,23,19,2,0,0,0.2454,0
1,2018,3,23,19,3,0,0,0.2454,0
1,2018,3,23,20,0,0,0,0.2454,0
1,2018,3,23,20,1,0,0,0.2454,0
1,2018,3,23,20,2,0,0,0.2454,0
1,2018,3,23,20,3,0,0,0.2454,0
1,2018,3,23,21,0,0,0,0.2454,0
1,2018,3,23,21,1,0,0,0.2454,0
1,2018,3,23,21,2,0,0,0.2454,0
1,2018,3,23,21,3,0,0,0.2454,0
1,2018,3,23,22,0,0,0,0.2454,0
1,2018,3,23,22,1,0,0,0.2454,0
1,2018,3,23,22,2,0,0,0.2454,0
1,2018,3,23,22,3,0,0,0.2454,0
1,2018,3,23,23,0,0,0,0.2454,0
1,2018,3,23,23,1,0,0,0.2454,0
1,2018,3,23,23,2,0,0,0.2454,0
1,2018,3,23,23,3,0,0,0.2454,0
1,2018,3,24,0,0,0,0,0.2454,0
1,2018,3,24,0,1,0,0,0.2454,0
1,2018,3,24,0,2,0,0,0.2454,0
1,2018,3,24,0,3,0,0,0.2454,0
1,2018,3,24,1,0,0,0,0.2454,0
1,2018,3,24,1,1,0,0,0.2454,0
1,2018,3,24,1,2,0,0,0.2454,0
1,2018,3,24,1,3,0,0,0.2454,0
1,2018,3,24,2,0,0,0,0.2454,0
1,2018,3,24,2,1,0,0,0.2454,0
1,2018,3,24,2,2,0,0,0.2454,0
1,2018,3,24,2,3,0,0,0.2454,0
1,2018,3,24,3,0,0,0,0.2454,0
1,2018,3,24,3,1,0,0,0.2454,0
1,2018,3,24,3,2,0,0,0.2454,0
1,2018,3,24,3,3,0,0,0.2454,0
1,2018,3,24,4,0,0,0,0.2454,0
1,2018,3,24,4,1,0,0,0.2454,0
1,2018,3,24,4,2,0,0,0.2454,0
1,2018,3,24,4,3,0,0,0.2454,0
1,2018,3,24,5,0,0,0,0.2454,0
1,2018,3,24,5,1,0,0,0.2454,0
1,2018,3,24,5,2,0,0,0.2454,0
1,2018,3,24,5,3,0,0,0.2454,0
1,2018,3,24,6,0,0,0,0.2454,0
1,2018,3,24,6,1,0,0,0.2454,0
1,2018,3,24,6,2,0,0,0.2454,0
1,2018,3,24,6,3,0,0,0.2454,0
1,2018,3,24,7,0,0,0,0.2454,0
1,2018,3,25,19,1,0,0,0.331952,0
1,2018,3,25,19,2,0,0,0.33908,0
1,2018,3,25,19,3,0,0,0.33908,0
1,2018,3,25,20,0,0,0,0.33908,0
1,2018,3,25,20,1,0,0,0.33908,0
1,2018,3,25,20,2,0,0,0.33908,0
1,2018,3,25,20,3,0,0,0.33908,0
1,2018,3,25,21,0,0,0,0.33908,0
1,2018,3,25,21,1,0,0,0.33908,0
1,2018,3,25,21,2,0,0,0.33908,0
1,2018,3,25,21,3,0,0,0.33908,0
1,2018,3,25,22,0,0,0,0.33908,0
1,2018,3,25,22,1,0,0,0.33908,0
1,2018,3,25,22,2,0,0,0.33908,0
1,2018,3,25,22,3,0,0,0.33908,0
1,2018,3,25,23,0,0,0,0.33908,0
1,2018,3,25,23,1,0,0,0.33908,0
1,2018,3,25,23,2,0,0,0.33908,0
1,2018,3,25,23,3,0,0,0.33908,0
1,2018,3,26,0,0,0,0,0.33908,0
1,2018,3,26,0,1,0,0,0.33908,0
1,2018,3,26,0,2,0,0,0.33908,0
1,2018,3,26,0,3,0,0,0.33908,0
1,2018,3,26,1,0,0,0,0.33908,0
1,2018,3,26,1,1,0,0,0.33908,0
1,2018,3,26,1,2,0,0,0.33908,0
1,2018,3,26,1,3,0,0,0.33908,0
1,2018,3,26,2,0,0,0,0.33908,0
1,2018,3,26,2,1,0,0,0.33908,0
1,2018,3,26,2,2,0,0,0.33908,0
1,2018,3,26,2,3,0,0,0.33908,0
1,2018,3,26,3,0,0,0,0.33908,0
1,2018,3,26,3,1,0,0,0.33908,0
1,2018,3,26,3,2,0,0,0.33908,0
1,2018,3,26,3,3,0,0,0.33908,0
1,2018,3,26,4,0,0,0,0.33908,0
1,2018,3,26,4,1,0,0,0.33908,0
1,2018,3,26,4,2,0,0,0.33908,0
1,2018,3,26,4,3,0,0,0.33908,0
1,2018,3,26,5,0,0,0,0.33908,0
1,2018,3,26,5,1,0,0,0.33908,0
1,2018,3,26,5,2,0,0,0.33908,0
1,2018,3,26,5,3,0,0,0.33908,0
1,2018,3,26,6,0,0,0,0.113027,0
1,2018,3,26,19,1,0,0,0.288497,0
1,2018,3,26,19,2,0,0,0.309104,0
1,2018,3,26,19,3,0,0,0.309104,0
1,2018,3,26,20,0,0,0,0.309104,0
1,2018,3,26,20,1,0,0,0.309104,0
1,2018,3,26,20,2,0,0,0.309104,0
1,2018,3,26,20,3,0,0,0.309104,0
1,2018,3,26,21,0,0,0,0.309104,0
1,2018,3,26,21,1,0,0,0.309104,0
1,2018,3,26,21,2,0,0,0.309104,0
1,2018,3,26,21,3,0,0,0.309104,0
1,2018,3,26,22,0,0,0,0.309104,0
1,2018,3,26,22,1,0,0,0.309104,0
1,2018,3,26,22,2,0,0,0.309104,0
1,2018,3,26,22,3,0,0,0.309104,0
1,2018,3,26,23,0,0,0,0.309104,0
1,2018,3,26,23,1,0,0,0.309104,0
1,2018,3,26,23,2,0,0,0.309104,0
1,2018,3,26,23,3,0,0,0.309104,0
1,2018,3,27,0,0,0,0,0.309104,0
1,2018,3,27,0,1,0,0,0.309104,0
1,2018,3,27,0,2,0,0,0.309104,0
1,2018,3,27,0,3,0,0,0.309104,0
1,2018,3,27,1,0,0,0,0.309104,0
1,2018,3,27,1,1,0,0,0.309104,0
1,2018,3,27,1,2,0,0,0.309104,0
1,2018,3,27,1,3,0,0,0.309104,0
1,2018,3,27,2,0,0,0,0.309104,0
1,2018,3,27,2,1,0,0,0.309104,0
1,2018,3,27,2,2,0,0,0.309104,0
1,2018,3,27,2,3,0,0,0.309104,0
1,2018,3,27,3,0,0,0,0.309104,0
1,2018,3,27,3,1,0,0,0.309104,0
1,2018,3,27,3,2,0,0,0.309104,0
1,2018,3,27,3,3,0,0,0.309104,0
1,2018,3,27,4,0,0,0,0.309104,0
1,2018,3,27,4,1,0,0,0.309104,0
1,2018,3,27,4,2,0,0,0.309104,0
1,2018,3,27,4,3,0,0,0.309104,0
1,2018,3,27,5,0,0,0,0.309104,0
1,2018,3,27,5,1,0,0,0.309104,0
1,2018,3,27,5,2,0,0,0.309104,0
1,2018,3,27,5,3,0,0,0.309104,0
1,2018,3,27,6,0,0,0,0.309104,0
1,2018,3,27,6,1,0,0,0.309104,0
1,2018,3,27,6,2,0,0,0.309104,0
1,2018,3,27,9,3,0,0,0.419697,0
1,2018,3,27,10,0,0,0,0.412934,0
1,2018,3,27,10,1,0,0,0.412934,0
1,2018,3,27,10,2,0,0,0.412934,0
1,2018,3,27,10,3,0,0,0.412934,0
1,2018,3,27,11,0,0,0,0.412934,0
1,2018,3,27,11,1,0,0,0.412934,0
1,2018,3,27,11,2,0,0,0.412934,0
1,2018,3,27,11,3,0,0,0.412934,0
1,2018,3,27,12,0,0,0,0.412934,0
1,2018,3,27,12,1,0,0,0.412934,0
1,2018,3,27,12,2,0,0,0.412934,0
1,2018,3,27,12,3,0,0,0.412934,0
1,2018,3,27,13,0,0,0,0.412934,0
1,2018,3,27,13,1,0,0,0.412934,0
1,2018,3,27,13,2,0,0,0.412934,0
1,2018,3,27,13,3,0,0,0.412934,0
1,2018,3,27,14,0,0,0,0.165174,0
1,2018,3,29,18,3,0,0,0.189803,0
1,2018,3,29,19,0,0,0,0.316339,0
1,2018,3,29,19,1,0,0,0.316339,0
1,2018,3,29,19,2,0,0,0.316339,0
1,2018,3,29,19,3,0,0,0.316339,0
1,2018,3,29,20,0,0,0,0.316339,0
1,2018,3,29,20,1,0,0,0.316339,0
1,2018,3,29,20,2,0,0,0.316339,0
1,2018,3,29,20,3,0,0,0.316339,0
1,2018,3,29,21,0,0,0,0.316339,0
1,2018,3,29,21,1,0,0,0.316339,0
1,2018,3,29,21,2,0,0,0.316339,0
1,2018,3,29,21,3,0,0,0.316339,0
1,2018,3,29,22,0,0,0,0.316339,0
1,2018,3,29,22,1,0,0,0.316339,0
1,2018,3,29,22,2,0,0,0.316339,0
1,2018,3,29,22,3,0,0,0.316339,0
1,2018,3,29,23,0,0,0,0.316339,0
1,2018,3,29,23,1,0,0,0.316339,0
1,2018,3,29,23,2,0,0,0.316339,0
1,2018,3,29,23,3,0,0,0.316339,0
1,2018,3,30,0,0,0,0,0.316339,0
1,2018,3,30,0,1,0,0,0.316339,0
1,2018,3,30,0,2,0,0,0.316339,0
1,2018,3,30,0,3,0,0,0.316339,0
1,2018,3,30,1,0,0,0,0.316339,0
1,2018,3,30,1,1,0,0,0.316339,0
1,2018,3,30,1,2,0,0,0.316339,0
1,2018,3,30,1,3,0,0,0.316339,0
1,2018,3,30,2,0,0,0,0.316339,0
1,2018,3,30,2,1,0,0,0.316339,0
1,2018,3,30,2,2,0,0,0.316339,0
1,2018,3,30,2,3,0,0,0.316339,0
1,2018,3,30,3,0,0,0,0.316339,0
1,2018,3,30,3,1,0,0,0.316339,0
1,2018,3,30,3,2,0,0,0.316339,0
1,2018,3,30,3,3,0,0,0.316339,0
1,2018,3,30,4,0,0,0,0.316339,0
1,2018,3,30,4,1,0,0,0.316339,0
1,2018,3,30,4,2,0,0,0.316339,0
1,2018,3,30,4,3,0,0,0.316339,0
1,2018,3,30,5,0,0,0,0.316339,0
1,2018,3,30,5,1,0,0,0.316339,0
1,2018,3,30,5,2,0,0,0.316339,0
1,2018,3,30,5,3,0,0,0.316339,0
1,2018,3,30,6,0,0,0,0.316339,0
1,2018,3,30,6,1,0,0,0.316339,0
1,2018,3,30,6,2,0,0,0.316339,0
1,2018,3,30,6,3,0,0,0.316339,0
1,2018,3,30,7,0,0,0,0.316339,0
1,2018,3,30,7,1,0,0,0.316339,0
1,2018,3,30,7,2,0,0,0.063268,0
1,2018,3,30,18,0,0,0,0.182475,0
1,2018,3,30,18,1,0,0,0.342141,0
1,2018,3,30,18,2,0,0,0.342141,0
1,2018,3,30,18,3,0,0,0.342141,0
1,2018,3,30,19,0,0,0,0.342141,0
1,2018,3,30,19,1,0,0,0.342141,0
1,2018,3,30,19,2,0,0,0.342141,0
1,2018,3,30,19,3,0,0,0.342141,0
1,2018,3,30,20,0,0,0,0.342141,0
1,2018,3,30,20,1,0,0,0.342141,0
1,2018,3,30,20,2,0,0,0.342141,0
1,2018,3,30,20,3,0,0,0.342141,0
1,2018,3,30,21,0,0,0,0.342141,0
1,2018,3,30,21,1,0,0,0.342141,0
1,2018,3,30,21,2,0,0,0.342141,0
1,2018,3,30,21,3,0,0,0.342141,0
1,2018,3,30,22,0,0,0,0.342141,0
1,2018,3,30,22,1,0,0,0.342141,0
1,2018,3,30,22,2,0,0,0.342141,0
1,2018,3,30,22,3,0,0,0.342141,0
1,2018,3,30,23,0,0,0,0.342141,0
1,2018,3,30,23,1,0,0,0.342141,0
1,2018,3,30,23,2,0,0,0.342141,0
1,2018,3,30,23,3,0,0,0.342141,0
1,2018,3,31,0,0,0,0,0.342141,0
1,2018,3,31,0,1,0,0,0.342141,0
1,2018,3,31,0,2,0,0,0.342141,0
1,2018,3,31,0,3,0,0,0.342141,0
1,2018,3,31,1,0,0,0,0.342141,0
1,2018,3,31,1,1,0,0,0.342141,0
1,2018,3,31,1,2,0,0,0.342141,0
1,2018,3,31,1,3,0,0,0.342141,0
1,2018,3,31,2,0,0,0,0.342141,0
1,2018,3,31,2,1,0,0,0.342141,0
1,2018,3,31,2,2,0,0,0.342141,0
1,2018,3,31,2,3,0,0,0.342141,0
1,2018,3,31,3,0,0,0,0.342141,0
1,2018,3,31,3,1,0,0,0.342141,0
1,2018,3,31,3,2,0,0,0.342141,0
1,2018,3,31,3,3,0,0,0.342141,0
1,2018,3,31,4,0,0,0,0.342141,0
1,2018,3,31,4,1,0,0,0.342141,0
1,2018,3,31,4,2,0,0,0.342141,0
1,2018,3,31,4,3,0,0,0.342141,0
1,2018,3,31,5,0,0,0,0.342141,0
1,2018,3,31,5,1,0,0,0.342141,0
1,2018,3,31,5,2,0,0,0.342141,0
1,2018,3,31,5,3,0,0,0.342141,0
1,2018,3,31,6,0,0,0,0.342141,0
1,2018,3,31,6,1,0,0,0.342141,0
1,2018,3,31,6,2,0,0,0.342141,0
1,2018,3,31,6,3,0,0,0.342141,0
1,2018,3,31,7,0,0,0,0.342141,0
1,2018,3,31,7,1,0,0,0.342141,0
1,2018,3,31,7,2,0,0,0.114047,0
1,2018,4,1,19,0,0,0,0.051864,0
1,2018,4,1,19,1,0,0,0.38898,0
1,2018,4,1,19,2,0,0,0.38898,0
1,2018,4,1,19,3,0,0,0.38898,0
1,2018,4,1,20,0,0,0,0.38898,0
1,2018,4,1,20,1,0,0,0.38898,0
1,2018,4,1,20,2,0,0,0.38898,0
1,2018,4,1,20,3,0,0,0.38898,0
1,2018,4,1,21,0,0,0,0.38898,0
1,2018,4,1,21,1,0,0,0.38898,0
1,2018,4,1,21,2,0,0,0.38898,0
1,2018,4,1,21,3,0,0,0.38898,0
1,2018,4,1,22,0,0,0,0.38898,0
1,2018,4,1,22,1,0,0,0.38898,0
1,2018,4,1,22,2,0,0,0.38898,0
1,2018,4,1,22,3,0,0,0.38898,0
1,2018,4,1,23,0,0,0,0.38898,0
1,2018,4,1,23,1,0,0,0.38898,0
1,2018,4,1,23,2,0,0,0.38898,0
1,2018,4,1,23,3,0,0,0.38898,0
1,2018,4,2,0,0,0,0,0.38898,0
1,2018,4,2,0,1,0,0,0.38898,0
1,2018,4,2,0,2,0,0,0.38898,0
1,2018,4,2,0,3,0,0,0.38898,0
1,2018,4,2,1,0,0,0,0.38898,0
1,2018,4,2,1,1,0,0,0.38898,0
1,2018,4,2,1,2,0,0,0.38898,0
1,2018,4,2,1,3,0,0,0.38898,0
1,2018,4,2,2,0,0,0,0.38898,0
1,2018,4,2,2,1,0,0,0.38898,0
1,2018,4,2,2,2,0,0,0.38898,0
1,2018,4,2,2,3,0,0,0.38898,0
1,2018,4,2,3,0,0,0,0.38898,0
1,2018,4,2,3,1,0,0,0.38898,0
1,2018,4,2,3,2,0,0,0.38898,0
1,2018,4,2,3,3,0,0,0.38898,0
1,2018,4,2,4,0,0,0,0.38898,0
1,2018,4,2,4,1,0,0,0.38898,0
1,2018,4,2,4,2,0,0,0.38898,0
1,2018,4,2,4,3,0,0,0.38898,0
1,2018,4,2,5,0,0,0,0.38898,0
1,2018,4,2,5,1,0,0,0.38898,0
1,2018,4,2,5,2,0,0,0.38898,0
1,2018,4,2,5,3,0,0,0.38898,0
1,2018,4,2,6,0,0,0,0.38898,0
1,2018,4,2,6,1,0,0,0.38898,0
1,2018,4,2,6,2,0,0,0.38898,0
1,2018,4,2,6,3,0,0,0.38898,0
1,2018,4,2,7,0,0,0,0.38898,0
1,2018,4,2,7,1,0,0,0.337116,0
1,2018,4,6,10,0,0,0,0.526452,0
1,2018,4,6,10,1,0,0,0.658065,0
1,2018,4,6,10,2,0,0,0.658065,0
1,2018,4,6,10,3,0,0,0.658065,0
1,2018,4,6,11,0,0,0,0.658065,0
1,2018,4,6,11,1,0,0,0.658065,0
1,2018,4,6,11,2,0,0,0.263226,0
1,2018,4,11,18,0,0,0,0.166675,0
1,2018,4,11,18,1,0,0,0.312516,0
1,2018,4,11,18,2,0,0,0.312516,0
1,2018,4,11,18,3,0,0,0.312516,0
1,2018,4,11,19,0,0,0,0.312516,0
1,2018,4,11,19,1,0,0,0.312516,0
1,2018,4,11,19,2,0,0,0.312516,0
1,2018,4,11,19,3,0,0,0.312516,0
1,2018,4,11,20,0,0,0,0.312516,0
1,2018,4,11,20,1,0,0,0.312516,0
1,2018,4,11,20,2,0,0,0.312516,0
1,2018,4,11,20,3,0,0,0.312516,0
1,2018,4,11,21,0,0,0,0.312516,0
1,2018,4,11,21,1,0,0,0.312516,0
1,2018,4,11,21,2,0,0,0.312516,0
1,2018,4,11,21,3,0,0,0.312516,0
1,2018,4,11,22,0,0,0,0.312516,0
1,2018,4,11,22,1,0,0,0.312516,0
1,2018,4,11,22,2,0,0,0.312516,0
1,2018,4,11,22,3,0,0,0.312516,0
1,2018,4,11,23,0,0,0,0.312516,0
1,2018,4,11,23,1,0,0,0.312516,0
1,2018,4,11,23,2,0,0,0.312516,0
1,2018,4,11,23,3,0,0,0.312516,0
1,2018,4,12,0,0,0,0,0.312516,0
1,2018,4,12,0,1,0,0,0.312516,0
1,2018,4,12,0,2,0,0,0.312516,0
1,2018,4,12,0,3,0,0,0.312516,0
1,2018,4,12,1,0,0,0,0.312516,0
1,2018,4,12,1,1,0,0,0.312516,0
1,2018,4,12,1,2,0,0,0.312516,0
1,2018,4,12,1,3,0,0,0.312516,0
1,2018,4,12,2,0,0,0,0.312516,0
1,2018,4,12,2,1,0,0,0.312516,0
1,2018,4,12,2,2,0,0,0.312516,0
1,2018,4,12,2,3,0,0,0.312516,0
1,2018,4,12,3,0,0,0,0.312516,0
1,2018,4,12,3,1,0,0,0.312516,0
1,2018,4,12,3,2,0,0,0.312516,0
1,2018,4,12,3,3,0,0,0.312516,0
1,2018,4,12,4,0,0,0,0.312516,0
1,2018,4,12,4,1,0,0,0.312516,0
1,2018,4,12,4,2,0,0,0.312516,0
1,2018,4,12,4,3,0,0,0.312516,0
1,2018,4,12,5,0,0,0,0.312516,0
1,2018,4,12,5,1,0,0,0.312516,0
1,2018,4,12,5,2,0,0,0.312516,0
1,2018,4,12,5,3,0,0,0.312516,0
1,2018,4,12,6,0,0,0,0.312516,0
1,2018,4,12,6,1,0,0,0.312516,0
1,2018,4,12,6,2,0,0,0.312516,0
1,2018,4,12,6,3,0,0,0.312516,0
1,2018,4,12,7,0,0,0,0.125006,0
1,2018,5,1,10,3,0,0,0,0
1,2018,5,1,11,0,0,0,0,0
1,2018,5,1,11,1,0,0,0,0
1,2018,5,1,11,2,0,0,0.107812,0
1,2018,5,1,11,3,0,0,0.539063,0
1,2018,5,1,12,0,0,0,0.539063,0
1,2018,5,1,12,1,0,0,0.539063,0
1,2018,5,1,12,2,0,0,0.539063,0
1,2018,5,1,12,3,0,0,0.139216,0
1,2018,5,1,13,0,0,0,0.77459,0
1,2018,5,1,13,1,0,0,0.77459,0
1,2018,5,1,13,2,0,0,0.77459,0
1,2018,5,1,13,3,0,0,0.722951,0
1,2018,5,4,9,1,0,0,0.4,0
1,2018,5,4,9,2,0,0,0.75,0
1,2018,5,4,9,3,0,0,0.75,0
1,2018,5,4,10,0,0,0,0.75,0
1,2018,5,4,10,1,0,0,0.75,0
1,2018,5,4,10,2,0,0,0.75,0
1,2018,5,4,10,3,0,0,0.75,0
1,2018,5,4,11,0,0,0,0.45,0
1,2018,5,11,9,3,0,0,0.546081,0
1,2018,5,11,10,0,0,0,0.910135,0
1,2018,5,11,10,1,0,0,0.910135,0
1,2018,5,11,10,2,0,0,0.910135,0
1,2018,5,11,10,3,0,0,0.910135,0
1,2018,5,11,11,0,0,0,0.303378,0
1,2018,5,15,9,2,0,0,0.6,0
1,2018,5,15,9,3,0,0,0.9,0
1,2018,5,15,10,0,0,0,0.24,0
1,2018,5,18,9,2,0,0,0.181613,0
1,2018,5,18,9,3,0,0,0.908065,0
1,2018,5,18,10,0,0,0,0.908065,0
1,2018,5,18,10,1,0,0,0.908065,0
1,2018,5,18,10,2,0,0,0.908065,0
1,2018,5,18,10,3,0,0,0.908065,0
1,2018,5,18,11,0,0,0,0.908065,0
1,2018,5,23,17,2,0,0,0.407037,0
1,2018,5,23,17,3,0,0,0.436111,0
1,2018,5,23,18,0,0,0,0.436111,0
1,2018,5,23,18,1,0,0,0.436111,0
1,2018,5,23,18,2,0,0,0.436111,0
1,2018,5,23,18,3,0,0,0.436111,0
1,2018,5,23,19,0,0,0,0.436111,0
1,2018,5,23,19,1,0,0,0.436111,0
1,2018,5,23,19,2,0,0,0.436111,0
1,2018,5,23,19,3,0,0,0.436111,0
1,2018,5,23,20,0,0,0,0.436111,0
1,2018,5,23,20,1,0,0,0.436111,0
1,2018,5,23,20,2,0,0,0.436111,0
1,2018,5,23,20,3,0,0,0.436111,0
1,2018,5,23,21,0,0,0,0.203519,0
1,2018,5,25,9,1,0,0,0.5463,0
1,2018,5,25,9,2,0,0,0.9105,0
1,2018,5,25,9,3,0,0,0.9105,0
1,2018,5,25,10,0,0,0,0.9105,0
1,2018,5,25,10,1,0,0,0.9105,0
1,2018,5,25,10,2,0,0,0.9105,0
1,2018,5,25,10,3,0,0,0.9105,0
1,2018,5,25,11,0,0,0,0.0607,0
1,2018,6,13,9,3,0,0,0.236721,0
1,2018,6,13,10,0,0,0,0.887705,0
1,2018,6,13,10,1,0,0,0.887705,0
1,2018,6,13,10,2,0,0,0.887705,0
1,2018,6,13,10,3,0,0,0.710164,0
1,2018,6,14,18,0,0,0,0.119412,0
1,2018,6,14,18,1,0,0,0.298529,0
1,2018,6,14,18,2,0,0,0.298529,0
1,2018,6,14,18,3,0,0,0.298529,0
1,2018,6,14,19,0,0,0,0.298529,0
1,2018,6,14,19,1,0,0,0.298529,0
1,2018,6,14,19,2,0,0,0.298529,0
1,2018,6,14,19,3,0,0,0.298529,0
1,2018,6,14,20,0,0,0,0.298529,0
1,2018,6,14,20,1,0,0,0.298529,0
1,2018,6,14,20,2,0,0,0.298529,0
1,2018,6,14,20,3,0,0,0.298529,0
1,2018,6,14,21,0,0,0,0.298529,0
1,2018,6,14,21,1,0,0,0.298529,0
1,2018,6,14,21,2,0,0,0.298529,0
1,2018,6,14,21,3,0,0,0.298529,0
1,2018,6,14,22,0,0,0,0.298529,0
1,2018,6,14,22,1,0,0,0.298529,0
1,2018,6,14,22,2,0,0,0.298529,0
1,2018,6,14,22,3,0,0,0.298529,0
1,2018,6,14,23,0,0,0,0.298529,0
1,2018,6,14,23,1,0,0,0.298529,0
1,2018,6,14,23,2,0,0,0.298529,0
1,2018,6,14,23,3,0,0,0.298529,0
1,2018,6,15,0,0,0,0,0.298529,0
1,2018,6,15,0,1,0,0,0.298529,0
1,2018,6,15,0,2,0,0,0.298529,0
1,2018,6,15,0,3,0,0,0.298529,0
1,2018,6,15,1,0,0,0,0.298529,0
1,2018,6,15,1,1,0,0,0.298529,0
1,2018,6,15,1,2,0,0,0.298529,0
1,2018,6,15,1,3,0,0,0.298529,0
1,2018,6,15,2,0,0,0,0.298529,0
1,2018,6,15,2,1,0,0,0.298529,0
1,2018,6,15,2,2,0,0,0.298529,0
1,2018,6,15,2,3,0,0,0.298529,0
1,2018,6,15,3,0,0,0,0.298529,0
1,2018,6,15,3,1,0,0,0.298529,0
1,2018,6,15,3,2,0,0,0.298529,0
1,2018,6,15,3,3,0,0,0.298529,0
1,2018,6,15,4,0,0,0,0.298529,0
1,2018,6,15,4,1,0,0,0.298529,0
1,2018,6,15,4,2,0,0,0.298529,0
1,2018,6,15,4,3,0,0,0.298529,0
1,2018,6,15,5,0,0,0,0.298529,0
1,2018,6,15,5,1,0,0,0.298529,0
1,2018,6,15,5,2,0,0,0.298529,0
1,2018,6,15,5,3,0,0,0.298529,0
1,2018,6,15,21,0,0,0,0.280656,0
1,2018,6,15,21,1,0,0,0.36825,0
1,2018,6,15,21,2,0,0,0.36825,0
1,2018,6,15,21,3,0,0,0.36825,0
1,2018,6,15,22,0,0,0,0.36825,0
1,2018,6,15,22,1,0,0,0.36825,0
1,2018,6,15,22,2,0,0,0.36825,0
1,2018,6,15,22,3,0,0,0.36825,0
1,2018,6,15,23,0,0,0,0.36825,0
1,2018,6,15,23,1,0,0,0.36825,0
1,2018,6,15,23,2,0,0,0.36825,0
1,2018,6,15,23,3,0,0,0.36825,0
1,2018,6,16,0,0,0,0,0.36825,0
1,2018,6,16,0,1,0,0,0.36825,0
1,2018,6,16,0,2,0,0,0.36825,0
1,2018,6,16,0,3,0,0,0.36825,0
1,2018,6,16,1,0,0,0,0.36825,0
1,2018,6,16,1,1,0,0,0.36825,0
1,2018,6,16,1,2,0,0,0.36825,0
1,2018,6,16,1,3,0,0,0.36825,0
1,2018,6,16,2,0,0,0,0.36825,0
1,2018,6,16,2,1,0,0,0.36825,0
1,2018,6,16,2,2,0,0,0.36825,0
1,2018,6,16,2,3,0,0,0.36825,0
1,2018,6,16,3,0,0,0,0.36825,0
1,2018,6,16,3,1,0,0,0.36825,0
1,2018,6,16,3,2,0,0,0.36825,0
1,2018,6,16,3,3,0,0,0.36825,0
1,2018,6,16,4,0,0,0,0.36825,0
1,2018,6,16,4,1,0,0,0.36825,0
1,2018,6,16,4,2,0,0,0.36825,0
1,2018,6,16,4,3,0,0,0.36825,0
1,2018,6,16,5,0,0,0,0.36825,0
1,2018,6,16,5,1,0,0,0.36825,0
1,2018,6,16,5,2,0,0,0.36825,0
1,2018,6,16,5,3,0,0,0.36825,0
1,2018,6,16,6,0,0,0,0.36825,0
1,2018,6,16,6,1,0,0,0.36825,0
1,2018,6,16,6,2,0,0,0.36825,0
1,2018,6,16,6,3,0,0,0.36825,0
1,2018,6,16,7,0,0,0,0.1473,0
1,2018,6,19,18,1,0,0,0.059667,0
1,2018,6,19,18,2,0,0,0.895,0
1,2018,6,19,18,3,0,0,0.835333,0
1,2018,6,23,17,0,0,0,0.403846,0
1,2018,6,23,17,1,0,0,0.865385,0
1,2018,6,23,17,2,0,0,0.230769,0
1,2018,7,9,15,1,0,0,0.057,0
1,2018,7,9,15,2,0,0,0.513,0
1,2018,7,11,19,3,0,0,0.470943,0
1,2018,7,11,20,0,0,0,0.883019,0
1,2018,7,11,20,1,0,0,0.883019,0
1,2018,7,11,20,2,0,0,0.883019,0
1,2018,7,11,20,3,0,0,0.883019,0
1,2018,7,11,21,0,0,0,0.883019,0
1,2018,7,11,21,1,0,0,0.883019,0
1,2018,7,24,20,2,0,0,0.645943,0
1,2018,7,24,20,3,0,0,0.875,0
1,2018,7,24,21,0,0,0,0,0
1,2018,7,31,21,2,0,0,0.120314,0
1,2018,7,31,21,3,0,0,0.902356,0
1,2018,7,31,22,0,0,0,0.902356,0
1,2018,7,31,22,1,0,0,0.902356,0
1,2018,7,31,22,2,0,0,0.902356,0
1,2018,7,31,22,3,0,0,0.902356,0
1,2018,7,31,23,0,0,0,0.902356,0
1,2018,7,31,23,1,0,0,0.902356,0
1,2018,7,31,23,2,0,0,0.902356,0
1,2018,7,31,23,3,0,0,0.902356,0
1,2018,8,1,0,0,0,0,0.902356,0
1,2018,8,1,0,1,0,0,0.902356,0
1,2018,8,1,0,2,0,0,0.902356,0
1,2018,8,1,0,3,0,0,0.541414,0
1,2018,8,6,10,0,0,0,0.417282,0
1,2018,8,6,10,1,0,0,0.894175,0
1,2018,8,6,10,2,0,0,0.894175,0
1,2018,8,6,10,3,0,0,0.894175,0
1,2018,8,6,11,0,0,0,0.894175,0
1,2018,8,6,11,1,0,0,0.894175,0
1,2018,8,6,11,2,0,0,0.894175,0
1,2018,8,6,11,3,0,0,0.35767,0
1,2018,8,8,10,0,0,0,0.650198,0
1,2018,8,8,10,1,0,0,0.886634,0
1,2018,8,8,10,2,0,0,0.886634,0
1,2018,8,8,10,3,0,0,0.886634,0
1,2018,8,8,11,0,0,0,0.886634,0
1,2018,8,8,11,1,0,0,0.886634,0
1,2018,8,10,10,2,0,0,1.478679,0
1,2018,8,10,10,3,0,0,0.888068,0
1,2018,8,10,11,0,0,0,0.888068,0
1,2018,8,10,11,1,0,0,0.888068,0
1,2018,8,10,11,2,0,0,0.888068,0
1,2018,8,10,11,3,0,0,0.888068,0
1,2018,8,10,12,0,0,0,0.177614,0
1,2018,8,15,20,2,0,0,0.364286,0
1,2018,8,15,20,3,0,0,0.780612,0
1,2018,8,15,21,0,0,0,0.780612,0
1,2018,8,15,21,1,0,0,0.62449,0
1,2018,8,17,13,2,0,0,0.795366,0
1,2018,8,17,13,3,0,0,0.994207,0
1,2018,8,17,14,0,0,0,0.994207,0
1,2018,8,17,14,1,0,0,0.994207,0
1,2018,8,17,14,2,0,0,0.994207,0
1,2018,8,17,14,3,0,0,0.994207,0
1,2018,8,17,15,0,0,0,0.994207,0
1,2018,8,17,15,1,0,0,0.994207,0
1,2018,8,17,15,2,0,0,0.994207,0
1,2018,8,17,15,3,0,0,0.994207,0
1,2018,8,17,16,0,0,0,0.994207,0
1,2018,8,17,16,1,0,0,0.132561,0
1,2018,8,21,8,0,0,0,0.582679,0
1,2018,8,21,8,1,0,0,0.971131,0
1,2018,8,21,8,2,0,0,0.971131,0
1,2018,8,21,8,3,0,0,0.971131,0
1,2018,8,21,9,0,0,0,0.971131,0
1,2018,8,21,9,1,0,0,0.971131,0
1,2018,8,21,9,2,0,0,0.971131,0
1,2018,8,21,9,3,0,0,0.971131,0
1,2018,8,21,10,0,0,0,0.971131,0
1,2018,8,21,10,1,0,0,0.971131,0
1,2018,8,21,10,2,0,0,0.971131,0
1,2018,8,21,10,3,0,0,0.971131,0
1,2018,8,21,11,0,0,0,0.971131,0
1,2018,8,21,11,1,0,0,0.971131,0
1,2018,8,21,11,2,0,0,0.971131,0
1,2018,8,21,11,3,0,0,0.971131,0
1,2018,8,21,12,0,0,0,0.971131,0
1,2018,8,21,12,1,0,0,0.971131,0
1,2018,8,21,12,2,0,0,0.971131,0
1,2018,8,21,12,3,0,0,0.971131,0
1,2018,8,21,13,0,0,0,0.971131,0
1,2018,8,21,13,1,0,0,0.971131,0
1,2018,8,21,13,2,0,0,0.971131,0
1,2018,8,21,13,3,0,0,0.971131,0
1,2018,8,21,14,0,0,0,0.971131,0
1,2018,8,21,14,1,0,0,0.971131,0
1,2018,8,21,14,2,0,0,0.971131,0
1,2018,8,21,14,3,0,0,0.971131,0
1,2018,8,21,15,0,0,0,0.971131,0
1,2018,8,21,15,1,0,0,0.971131,0
1,2018,8,21,15,2,0,0,0.971131,0
1,2018,8,21,15,3,0,0,0.971131,0
1,2018,8,21,16,0,0,0,0.971131,0
1,2018,8,21,16,1,0,0,0.971131,0
1,2018,8,23,7,2,0,0,0.488055,0
1,2018,8,23,7,3,0,0,0.732082,0
1,2018,8,23,8,0,0,0,0.732082,0
1,2018,8,23,8,1,0,0,0.732082,0
1,2018,8,23,8,2,0,0,0.732082,0
1,2018,8,23,8,3,0,0,0.732082,0
1,2018,8,23,9,0,0,0,0.732082,0
1,2018,8,23,9,1,0,0,0.732082,0
1,2018,8,23,9,2,0,0,0.732082,0
1,2018,8,23,9,3,0,0,0.732082,0
1,2018,8,23,10,0,0,0,0.732082,0
1,2018,8,23,10,1,0,0,0.732082,0
1,2018,8,23,10,2,0,0,0.732082,0
1,2018,8,23,10,3,0,0,0.732082,0
1,2018,8,23,11,0,0,0,0.732082,0
1,2018,8,23,11,1,0,0,0.732082,0
1,2018,8,23,11,2,0,0,0.732082,0
1,2018,8,23,11,3,0,0,0.732082,0
1,2018,8,23,12,0,0,0,0.732082,0
1,2018,8,23,12,1,0,0,0.634471,0
1,2018,8,27,19,3,0,0,0.830494,0
1,2018,8,27,20,0,0,0,0.889815,0
1,2018,8,27,20,1,0,0,0.889815,0
1,2018,8,27,20,2,0,0,0.889815,0
1,2018,8,27,20,3,0,0,0.889815,0
1,2018,8,27,21,0,0,0,0.889815,0
1,2018,8,27,21,1,0,0,0.889815,0
1,2018,8,27,21,2,0,0,0.889815,0
1,2018,8,27,21,3,0,0,0.889815,0
1,2018,8,27,22,0,0,0,0.889815,0
1,2018,8,27,22,1,0,0,0.771173,0
1,2018,8,30,15,2,0,0,0.38625,0
1,2018,8,30,15,3,0,0,0.965625,0
1,2018,8,30,16,0,0,0,0.965625,0
1,2018,8,31,15,1,0,0,0.902065,0
1,2018,8,31,15,2,0,0,0.971739,0
1,2018,8,31,15,3,0,0,0.971739,0
1,2018,8,31,16,0,0,0,0.971739,0
1,2018,8,31,16,1,0,0,0.971739,0
1,2018,8,31,16,2,0,0,0.453478,0
1,2018,9,2,17,3,0,0,0.882692,0
1,2018,9,2,18,0,0,0,0.882692,0
1,2018,9,2,18,1,0,0,0.882692,0
1,2018,9,2,18,2,0,0,0.882692,0
1,2018,9,2,18,3,0,0,0.882692,0
1,2018,9,2,19,0,0,0,0.882692,0
1,2018,9,2,19,1,0,0,0.823846,0
1,2018,9,4,9,3,0,0,0.04449,0
1,2018,9,4,10,0,0,0,0.333673,0
1,2018,9,4,10,1,0,0,0.333673,0
1,2018,9,4,10,2,0,0,0.333673,0
1,2018,9,4,10,3,0,0,0.333673,0
1,2018,9,4,11,0,0,0,0.333673,0
1,2018,9,4,11,1,0,0,0.333673,0
1,2018,9,4,11,2,0,0,0.333673,0
1,2018,9,4,11,3,0,0,0.333673,0
1,2018,9,4,12,0,0,0,0.333673,0
1,2018,9,4,12,1,0,0,0.333673,0
1,2018,9,4,12,2,0,0,0.333673,0
1,2018,9,4,12,3,0,0,0.333673,0
1,2018,9,4,13,0,0,0,0.333673,0
1,2018,9,4,13,1,0,0,0.333673,0
1,2018,9,4,13,2,0,0,0.333673,0
1,2018,9,4,13,3,0,0,0.333673,0
1,2018,9,4,14,0,0,0,0.333673,0
1,2018,9,4,14,1,0,0,0.333673,0
1,2018,9,4,14,2,0,0,0.333673,0
1,2018,9,4,14,3,0,0,0.155714,0
1,2018,9,6,8,0,0,0,0.449863,0
1,2018,9,6,8,1,0,0,0.963992,0
1,2018,9,6,8,2,0,0,0.963992,0
1,2018,9,6,8,3,0,0,0.963992,0
1,2018,9,6,9,0,0,0,0.963992,0
1,2018,9,6,9,1,0,0,0.963992,0
1,2018,9,6,9,2,0,0,0.963992,0
1,2018,9,6,9,3,0,0,0.963992,0
1,2018,9,6,10,0,0,0,0.963992,0
1,2018,9,6,10,1,0,0,0.963992,0
1,2018,9,6,10,2,0,0,0.963992,0
1,2018,9,6,10,3,0,0,0.963992,0
1,2018,9,6,11,0,0,0,0.963992,0
1,2018,9,6,11,1,0,0,0.963992,0
1,2018,9,6,11,2,0,0,0.963992,0
1,2018,9,6,11,3,0,0,0.963992,0
1,2018,9,6,12,0,0,0,0.963992,0
1,2018,9,6,12,1,0,0,0.963992,0
1,2018,9,6,12,2,0,0,0.963992,0
1,2018,9,6,12,3,0,0,0.963992,0
1,2018,9,6,13,0,0,0,0.963992,0
1,2018,9,6,13,1,0,0,0.963992,0
1,2018,9,6,13,2,0,0,0.963992,0
1,2018,9,6,13,3,0,0,0.963992,0
1,2018,9,6,14,0,0,0,0.963992,0
1,2018,9,6,14,1,0,0,0.963992,0
1,2018,9,6,14,2,0,0,0.963992,0
1,2018,9,6,14,3,0,0,0.963992,0
1,2018,9,6,15,0,0,0,0.963992,0
1,2018,9,6,15,1,0,0,0.963992,0
1,2018,9,6,15,2,0,0,0.963992,0
1,2018,9,6,15,3,0,0,0.963992,0
1,2018,9,6,16,0,0,0,0.963992,0
1,2018,9,6,16,1,0,0,0.963992,0
1,2018,9,6,16,2,0,0,0.578395,0
