BuildingIndex,Year,Month,Day,Hour,Quarter,P1(Day in a week),P2(Holiday or not),Charge/Discharge[kwh],
1,2018,06,09,23,2,0,0,8.655000,
1,2018,06,09,23,3,0,0,6.647641,
1,2018,06,10,00,0,0,0,0.007924,
1,2018,06,10,00,1,0,0,0.007924,
1,2018,06,10,00,2,0,0,0.007924,
1,2018,06,10,00,3,0,0,0.007924,
1,2018,06,10,01,0,0,0,0.007924,
1,2018,06,10,01,1,0,0,0.007924,
1,2018,06,10,01,2,0,0,0.007924,
1,2018,06,10,01,3,0,0,0.007924,
1,2018,06,10,02,0,0,0,0.007924,
1,2018,06,10,02,1,0,0,0.007924,
1,2018,06,10,02,2,0,0,0.007924,
1,2018,06,10,02,3,0,0,0.007924,
1,2018,06,10,03,0,0,0,0.007924,
1,2018,06,10,03,1,0,0,0.007924,
1,2018,06,10,03,2,0,0,0.007924,
1,2018,06,10,03,3,0,0,0.007924,
1,2018,06,10,04,0,0,0,0.007924,
1,2018,06,10,04,1,0,0,0.007924,
1,2018,06,10,04,2,0,0,0.007924,
1,2018,06,10,04,3,0,0,0.007924,
1,2018,06,10,05,0,0,0,0.007924,
1,2018,06,10,05,1,0,0,0.007924,
1,2018,06,10,05,2,0,0,0.007924,
1,2018,06,10,05,3,0,0,0.007924,
1,2018,06,10,06,0,0,0,0.007924,
1,2018,06,10,06,1,0,0,0.007924,
1,2018,06,10,06,2,0,0,0.007924,
1,2018,06,10,06,3,0,0,0.007924,
1,2018,06,10,07,0,0,0,0.007924,
1,2018,06,10,07,1,0,0,0.007924,
1,2018,06,10,07,2,0,0,0.007924,
1,2018,06,10,07,3,0,0,0.007924,
1,2018,06,10,08,0,0,0,0.007924,
1,2018,06,10,08,1,0,0,0.007924,
1,2018,06,10,08,2,0,0,0.007924,
1,2018,06,10,08,3,0,0,0.007924,
1,2018,06,10,09,0,0,0,0.007924,
1,2018,06,10,09,1,0,0,0.007924,
1,2018,06,10,09,2,0,0,0.007924,
1,2018,06,10,09,3,0,0,0.007924,
1,2018,06,10,10,0,0,0,0.007924,
1,2018,06,10,10,1,0,0,0.007924,
1,2018,06,10,10,2,0,0,0.007924,
1,2018,06,10,10,3,0,0,0.007924,
1,2018,06,10,11,0,0,0,0.007924,
1,2018,06,10,11,1,0,0,0.007924,
1,2018,06,10,11,2,0,0,0.007924,
1,2018,06,10,11,3,0,0,0.007924,
1,2018,06,10,12,0,0,0,0.007924,
1,2018,06,10,12,1,0,0,0.007924,
1,2018,06,10,12,2,0,0,0.007924,
1,2018,06,10,12,3,0,0,0.007924,
1,2018,06,10,13,0,0,0,0.007924,
1,2018,06,10,13,1,0,0,0.007924,
1,2018,06,10,13,2,0,0,0.007924,
1,2018,06,10,13,3,0,0,0.007924,
1,2018,06,10,14,0,0,0,0.007924,
1,2018,06,10,14,1,0,0,0.007924,
1,2018,06,10,14,2,0,0,0.007924,
1,2018,06,10,14,3,0,0,0.007924,
1,2018,06,10,15,0,0,0,0.007924,
1,2018,06,10,15,1,0,0,0.007924,
1,2018,06,10,15,2,0,0,0.007924,
1,2018,06,10,15,3,0,0,0.007924,
1,2018,06,10,16,0,0,0,0.007924,
1,2018,06,10,16,1,0,0,0.007924,
1,2018,06,10,16,2,0,0,0.007924,
1,2018,06,10,16,3,0,0,0.007924,
1,2018,06,10,17,0,0,0,0.007924,
1,2018,06,10,17,1,0,0,0.007924,
1,2018,06,10,17,2,0,0,0.007924,
1,2018,06,10,17,3,0,0,0.007924,
1,2018,06,10,18,0,0,0,0.007924,
1,2018,06,10,18,1,0,0,0.007924,
1,2018,06,10,18,2,0,0,0.007924,
1,2018,06,10,18,3,0,0,0.007924,
1,2018,06,10,19,0,0,0,0.007924,
1,2018,06,10,19,1,0,0,0.007924,
1,2018,06,10,19,2,0,0,0.007924,
1,2018,06,10,19,3,0,0,0.007924,
1,2018,06,10,20,0,0,0,0.007924,
1,2018,06,10,20,1,0,0,0.007924,
1,2018,06,10,20,2,0,0,0.007924,
1,2018,06,10,20,3,0,0,0.007924,
1,2018,06,10,21,0,0,0,0.007924,
1,2018,06,10,21,1,0,0,0.007924,
1,2018,06,10,21,2,0,0,0.007924,
1,2018,06,10,21,3,0,0,0.007924,
1,2018,06,10,22,0,0,0,0.007924,
1,2018,06,10,22,1,0,0,0.007924,
1,2018,06,10,22,2,0,0,0.007924,
1,2018,06,10,22,3,0,0,0.007924,
1,2018,06,10,23,0,0,0,0.007924,
1,2018,06,10,23,1,0,0,0.007924,
1,2018,06,10,23,2,0,0,0.007924,
1,2018,06,10,23,3,0,0,0.007924,
1,2018,06,11,00,0,0,0,0.007924,
1,2018,06,11,00,1,0,0,0.007924,
1,2018,06,11,00,2,0,0,0.007924,
1,2018,06,11,00,3,0,0,0.007924,
1,2018,06,11,01,0,0,0,0.007924,
1,2018,06,11,01,1,0,0,0.007924,
1,2018,06,11,01,2,0,0,0.007924,
1,2018,06,11,01,3,0,0,0.007924,
1,2018,06,11,02,0,0,0,0.007924,
1,2018,06,11,02,1,0,0,0.007924,
1,2018,06,11,02,2,0,0,0.007924,
1,2018,06,11,02,3,0,0,0.007924,
1,2018,06,11,03,0,0,0,0.007924,
1,2018,06,11,03,1,0,0,0.007924,
1,2018,06,11,03,2,0,0,0.007924,
1,2018,06,11,03,3,0,0,0.007924,
1,2018,06,11,04,0,0,0,0.007924,
1,2018,06,11,04,1,0,0,0.007924,
1,2018,06,11,04,2,0,0,0.007924,
1,2018,06,11,04,3,0,0,0.007924,
1,2018,06,11,05,0,0,0,0.007924,
1,2018,06,11,05,1,0,0,0.007924,
1,2018,06,11,05,2,0,0,0.007924,
1,2018,06,11,05,3,0,0,0.007924,
1,2018,06,11,06,0,0,0,0.007924,
1,2018,06,11,06,1,0,0,0.007924,
1,2018,06,11,06,2,0,0,0.007924,
1,2018,06,11,06,3,0,0,0.007924,
1,2018,06,11,07,0,0,0,0.007924,
1,2018,06,11,07,1,0,0,0.007924,
1,2018,06,11,07,2,0,0,0.007924,
1,2018,06,11,07,3,0,0,0.007924,
1,2018,06,11,08,0,0,0,0.007924,
1,2018,06,11,08,1,0,0,0.007924,
1,2018,06,11,08,2,0,0,0.007924,
1,2018,06,11,08,3,0,0,0.007924,
1,2018,06,11,09,0,0,0,0.007924,
1,2018,06,11,09,1,0,0,0.007924,
1,2018,06,11,09,2,0,0,0.007924,
1,2018,06,11,09,3,0,0,0.007924,
1,2018,06,11,10,0,0,0,0.007924,
1,2018,06,11,10,1,0,0,0.007924,
1,2018,06,11,10,2,0,0,0.007924,
1,2018,06,11,10,3,0,0,0.007924,
1,2018,06,11,11,0,0,0,0.007924,
1,2018,06,11,11,1,0,0,0.007924,
1,2018,06,11,11,2,0,0,0.007924,
1,2018,06,11,11,3,0,0,0.007924,
1,2018,06,11,12,0,0,0,0.007924,
1,2018,06,11,12,1,0,0,0.007924,
1,2018,06,11,12,2,0,0,0.007924,
1,2018,06,11,12,3,0,0,0.007924,
1,2018,06,11,13,0,0,0,0.007924,
1,2018,06,11,13,1,0,0,0.007924,
1,2018,06,11,13,2,0,0,0.007924,
1,2018,06,11,13,3,0,0,0.007924,
1,2018,06,11,14,0,0,0,0.007924,
1,2018,06,11,14,1,0,0,0.007924,
1,2018,06,11,14,2,0,0,0.007924,
1,2018,06,11,14,3,0,0,0.007924,
1,2018,06,11,15,0,0,0,0.007924,
1,2018,06,11,15,1,0,0,0.007924,
1,2018,06,11,15,2,0,0,0.007924,
1,2018,06,11,15,3,0,0,0.007924,
1,2018,06,11,16,0,0,0,0.007924,
1,2018,06,11,16,1,0,0,0.007924,
1,2018,06,11,16,2,0,0,0.007924,
1,2018,06,11,16,3,0,0,0.007924,
1,2018,06,11,17,0,0,0,0.007924,
1,2018,06,11,17,1,0,0,0.007924,
1,2018,06,11,17,2,0,0,0.007924,
1,2018,06,11,17,3,0,0,0.007924,
1,2018,06,11,18,0,0,0,0.007924,
1,2018,06,11,18,1,0,0,0.007924,
1,2018,06,11,18,2,0,0,0.007924,
1,2018,06,11,18,3,0,0,0.007924,
1,2018,06,11,19,0,0,0,0.007924,
1,2018,06,11,19,1,0,0,0.007924,
1,2018,06,11,19,2,0,0,0.007924,
1,2018,06,11,19,3,0,0,0.007924,
1,2018,06,11,20,0,0,0,0.007924,
1,2018,06,11,20,1,0,0,0.007924,
1,2018,06,11,20,2,0,0,0.007924,
1,2018,06,11,20,3,0,0,0.007924,
1,2018,06,11,21,0,0,0,0.007924,
1,2018,06,11,21,1,0,0,0.007924,
1,2018,06,11,21,2,0,0,0.007924,
1,2018,06,11,21,3,0,0,0.007924,
1,2018,06,11,22,0,0,0,0.007924,
1,2018,06,11,22,1,0,0,0.007924,
1,2018,06,11,22,2,0,0,0.007924,
1,2018,06,11,22,3,0,0,0.007924,
1,2018,06,11,23,0,0,0,0.007924,
1,2018,06,11,23,1,0,0,0.007924,
1,2018,06,11,23,2,0,0,0.007924,
1,2018,06,11,23,3,0,0,0.007924,
1,2018,06,12,00,0,0,0,0.007924,
1,2018,06,12,00,1,0,0,0.007924,
1,2018,06,12,00,2,0,0,0.007924,
1,2018,06,12,00,3,0,0,0.007924,
1,2018,06,12,01,0,0,0,0.007924,
1,2018,06,12,01,1,0,0,0.007924,
1,2018,06,12,01,2,0,0,0.007924,
1,2018,06,12,01,3,0,0,0.007924,
1,2018,06,12,02,0,0,0,0.007924,
1,2018,06,12,02,1,0,0,0.007924,
1,2018,06,12,02,2,0,0,0.007924,
1,2018,06,12,02,3,0,0,0.007924,
1,2018,06,12,03,0,0,0,0.007924,
1,2018,06,12,03,1,0,0,0.007924,
1,2018,06,12,03,2,0,0,0.007924,
1,2018,06,12,03,3,0,0,0.007924,
1,2018,06,12,04,0,0,0,0.007924,
1,2018,06,12,04,1,0,0,0.007924,
1,2018,06,12,04,2,0,0,0.007924,
1,2018,06,12,04,3,0,0,0.007924,
1,2018,06,12,05,0,0,0,0.007924,
1,2018,06,12,05,1,0,0,0.007924,
1,2018,06,12,05,2,0,0,0.007924,
1,2018,06,12,05,3,0,0,0.007924,
1,2018,06,12,06,0,0,0,0.007924,
1,2018,06,12,06,1,0,0,0.007924,
1,2018,06,12,06,2,0,0,0.007924,
1,2018,06,12,06,3,0,0,0.007924,
1,2018,06,12,07,0,0,0,0.007924,
1,2018,06,12,07,1,0,0,0.007924,
1,2018,06,12,07,2,0,0,0.007924,
1,2018,06,12,07,3,0,0,0.007924,
1,2018,06,12,08,0,0,0,0.007924,
1,2018,06,12,08,1,0,0,0.007924,
1,2018,06,12,08,2,0,0,0.007924,
1,2018,06,12,08,3,0,0,0.007924,
1,2018,06,12,09,0,0,0,0.007924,
1,2018,06,12,09,1,0,0,0.007924,
1,2018,06,12,09,2,0,0,0.007924,
1,2018,06,12,09,3,0,0,0.007924,
1,2018,06,12,10,0,0,0,0.007924,
1,2018,06,12,10,1,0,0,0.007924,
1,2018,06,12,10,2,0,0,0.007924,
1,2018,06,12,10,3,0,0,0.007924,
1,2018,06,12,11,0,0,0,0.007924,
1,2018,06,12,11,1,0,0,0.007924,
1,2018,06,12,11,2,0,0,0.007924,
1,2018,06,12,11,3,0,0,0.007924,
1,2018,06,12,12,0,0,0,0.007924,
1,2018,06,12,12,1,0,0,0.007924,
1,2018,06,12,12,2,0,0,0.007924,
1,2018,06,12,12,3,0,0,0.007924,
1,2018,06,12,13,0,0,0,0.007924,
1,2018,06,12,13,1,0,0,0.007924,
1,2018,06,12,13,2,0,0,0.007924,
1,2018,06,12,13,3,0,0,0.007924,
1,2018,06,12,14,0,0,0,0.007924,
1,2018,06,12,14,1,0,0,0.007924,
1,2018,06,12,14,2,0,0,0.007924,
1,2018,06,12,14,3,0,0,0.007924,
1,2018,06,12,15,0,0,0,0.007924,
1,2018,06,12,15,1,0,0,0.007924,
1,2018,06,12,15,2,0,0,0.007924,
1,2018,06,12,15,3,0,0,0.007924,
1,2018,06,12,16,0,0,0,0.007924,
1,2018,06,12,16,1,0,0,0.007924,
1,2018,06,12,16,2,0,0,0.007924,
1,2018,06,12,16,3,0,0,0.007924,
1,2018,06,12,17,0,0,0,0.007924,
1,2018,06,12,17,1,0,0,0.007924,
1,2018,06,12,17,2,0,0,0.007924,
1,2018,06,12,17,3,0,0,0.007924,
1,2018,06,12,18,0,0,0,0.007924,
1,2018,06,12,18,1,0,0,0.007924,
1,2018,06,12,18,2,0,0,0.007924,
1,2018,06,12,18,3,0,0,0.007924,
1,2018,06,12,19,0,0,0,0.007924,
1,2018,06,12,19,1,0,0,0.007924,
1,2018,06,12,19,2,0,0,0.007924,
1,2018,06,12,19,3,0,0,0.007924,
1,2018,06,12,20,0,0,0,0.007924,
1,2018,06,12,20,1,0,0,0.007924,
1,2018,06,12,20,2,0,0,0.007924,
1,2018,06,12,20,3,0,0,0.007924,
1,2018,06,12,21,0,0,0,0.007924,
1,2018,06,12,21,1,0,0,0.007924,
1,2018,06,12,21,2,0,0,0.007924,
1,2018,06,12,21,3,0,0,0.007924,
1,2018,06,12,22,0,0,0,0.007924,
1,2018,06,12,22,1,0,0,0.007924,
1,2018,06,12,22,2,0,0,0.007924,
1,2018,06,12,22,3,0,0,0.007924,
1,2018,06,12,23,0,0,0,0.007924,
1,2018,06,12,23,1,0,0,0.007924,
1,2018,06,12,23,2,0,0,0.007924,
1,2018,06,12,23,3,0,0,0.007924,
1,2018,06,13,00,0,0,0,0.007924,
1,2018,06,13,00,1,0,0,0.007924,
1,2018,06,13,00,2,0,0,0.007924,
1,2018,06,13,00,3,0,0,0.007924,
1,2018,06,13,01,0,0,0,0.007924,
1,2018,06,13,01,1,0,0,0.007924,
1,2018,06,13,01,2,0,0,0.007924,
1,2018,06,13,01,3,0,0,0.007924,
1,2018,06,13,02,0,0,0,0.007924,
1,2018,06,13,02,1,0,0,0.007924,
1,2018,06,13,02,2,0,0,0.007924,
1,2018,06,13,02,3,0,0,0.007924,
1,2018,06,13,03,0,0,0,0.007924,
1,2018,06,13,03,1,0,0,0.007924,
1,2018,06,13,03,2,0,0,0.007924,
1,2018,06,13,03,3,0,0,0.007924,
1,2018,06,13,04,0,0,0,0.007924,
1,2018,06,13,04,1,0,0,0.007924,
1,2018,06,13,04,2,0,0,0.007924,
1,2018,06,13,04,3,0,0,0.007924,
1,2018,06,13,05,0,0,0,0.007924,
1,2018,06,13,05,1,0,0,0.007924,
1,2018,06,13,05,2,0,0,0.007924,
1,2018,06,13,05,3,0,0,0.007924,
1,2018,06,13,06,0,0,0,0.007924,
1,2018,06,13,06,1,0,0,0.007924,
1,2018,06,13,06,2,0,0,0.007924,
1,2018,06,13,06,3,0,0,0.007924,
1,2018,06,13,07,0,0,0,0.007924,
1,2018,06,13,07,1,0,0,0.007924,
1,2018,06,13,07,2,0,0,0.007924,
1,2018,06,13,07,3,0,0,0.007924,
1,2018,06,13,08,0,0,0,0.007924,
1,2018,06,13,08,1,0,0,0.007924,
1,2018,06,13,08,2,0,0,0.007924,
1,2018,06,13,08,3,0,0,0.007924,
1,2018,06,13,09,0,0,0,0.007924,
1,2018,06,13,09,1,0,0,0.007924,
1,2018,06,13,09,2,0,0,0.007924,
1,2018,06,13,09,3,0,0,0.007924,
1,2018,06,13,10,0,0,0,0.007924,
1,2018,06,13,10,1,0,0,0.007924,
1,2018,06,13,10,2,0,0,0.007924,
1,2018,06,13,10,3,0,0,0.007924,
1,2018,06,13,11,0,0,0,0.007924,
1,2018,06,13,11,1,0,0,0.007924,
1,2018,06,13,11,2,0,0,0.007924,
1,2018,06,13,11,3,0,0,0.007924,
1,2018,06,13,12,0,0,0,0.007924,
1,2018,06,13,12,1,0,0,0.007924,
1,2018,06,13,12,2,0,0,0.007924,
1,2018,06,13,12,3,0,0,0.007924,
1,2018,06,13,13,0,0,0,0.007924,
1,2018,06,13,13,1,0,0,0.007924,
1,2018,06,13,13,2,0,0,0.007924,
1,2018,06,13,13,3,0,0,0.007924,
1,2018,06,13,14,0,0,0,0.007924,
1,2018,06,13,14,1,0,0,0.007924,
1,2018,06,13,14,2,0,0,0.007924,
1,2018,06,13,14,3,0,0,0.007924,
1,2018,06,13,15,0,0,0,0.007924,
1,2018,06,13,15,1,0,0,0.007924,
1,2018,06,13,15,2,0,0,0.007924,
1,2018,06,13,15,3,0,0,0.007924,
1,2018,06,13,16,0,0,0,0.007924,
1,2018,06,13,16,1,0,0,0.007924,
1,2018,06,13,16,2,0,0,0.007924,
1,2018,06,13,16,3,0,0,0.007924,
1,2018,06,13,17,0,0,0,0.007924,
1,2018,06,13,17,1,0,0,0.007924,
1,2018,06,13,17,2,0,0,0.007924,
1,2018,06,13,17,3,0,0,0.007924,
1,2018,06,13,18,0,0,0,0.007924,
1,2018,06,13,18,1,0,0,0.007924,
1,2018,06,13,18,2,0,0,0.007924,
1,2018,06,13,18,3,0,0,0.007924,
1,2018,06,13,19,0,0,0,0.007924,
1,2018,06,13,19,1,0,0,0.007924,
1,2018,06,13,19,2,0,0,0.007924,
1,2018,06,13,19,3,0,0,0.007924,
1,2018,06,13,20,0,0,0,0.007924,
1,2018,06,13,20,1,0,0,0.007924,
1,2018,06,13,20,2,0,0,0.007924,
1,2018,06,13,20,3,0,0,0.007924,
1,2018,06,13,21,0,0,0,0.007924,
1,2018,06,13,21,1,0,0,0.007924,
1,2018,06,13,21,2,0,0,0.007924,
1,2018,06,13,21,3,0,0,0.007924,
1,2018,06,13,22,0,0,0,0.007924,
1,2018,06,13,22,1,0,0,0.007924,
1,2018,06,13,22,2,0,0,0.007924,
1,2018,06,13,22,3,0,0,0.007924,
1,2018,06,13,23,0,0,0,0.007924,
1,2018,06,13,23,1,0,0,0.007924,
1,2018,06,13,23,2,0,0,0.007924,
1,2018,06,13,23,3,0,0,0.007924,
1,2018,06,14,00,0,0,0,0.007924,
1,2018,06,14,00,1,0,0,0.007924,
1,2018,06,14,00,2,0,0,0.007924,
1,2018,06,14,00,3,0,0,0.007924,
1,2018,06,14,01,0,0,0,0.007924,
1,2018,06,14,01,1,0,0,0.007924,
1,2018,06,14,01,2,0,0,0.007924,
1,2018,06,14,01,3,0,0,0.007924,
1,2018,06,14,02,0,0,0,0.007924,
1,2018,06,14,02,1,0,0,0.007924,
1,2018,06,14,02,2,0,0,0.007924,
1,2018,06,14,02,3,0,0,0.007924,
1,2018,06,14,03,0,0,0,0.007924,
1,2018,06,14,03,1,0,0,0.007924,
1,2018,06,14,03,2,0,0,0.007924,
1,2018,06,14,03,3,0,0,0.007924,
1,2018,06,14,04,0,0,0,0.007924,
1,2018,06,14,04,1,0,0,0.007924,
1,2018,06,14,04,2,0,0,0.007924,
1,2018,06,14,04,3,0,0,0.007924,
1,2018,06,14,05,0,0,0,0.007924,
1,2018,06,14,05,1,0,0,0.007924,
1,2018,06,14,05,2,0,0,0.007924,
1,2018,06,14,05,3,0,0,0.007924,
1,2018,06,14,06,0,0,0,0.007924,
1,2018,06,14,06,1,0,0,0.007924,
1,2018,06,14,06,2,0,0,0.007924,
1,2018,06,14,06,3,0,0,0.007924,
1,2018,06,14,07,0,0,0,0.007924,
1,2018,06,14,07,1,0,0,0.007924,
1,2018,06,14,07,2,0,0,0.007924,
1,2018,06,14,07,3,0,0,0.007924,
1,2018,06,14,08,0,0,0,0.007924,
1,2018,06,14,08,1,0,0,0.007924,
1,2018,06,14,08,2,0,0,0.007924,
1,2018,06,14,08,3,0,0,0.007924,
1,2018,06,14,09,0,0,0,0.007924,
1,2018,06,14,09,1,0,0,0.007924,
1,2018,06,14,09,2,0,0,0.007924,
1,2018,06,14,09,3,0,0,0.007924,
1,2018,06,14,10,0,0,0,0.007924,
1,2018,06,14,10,1,0,0,0.007924,
1,2018,06,14,10,2,0,0,0.007924,
1,2018,06,14,10,3,0,0,0.007924,
1,2018,06,14,11,0,0,0,0.007924,
1,2018,06,14,11,1,0,0,0.007924,
1,2018,06,14,11,2,0,0,0.007924,
1,2018,06,14,11,3,0,0,0.007924,
1,2018,06,14,12,0,0,0,0.007924,
1,2018,06,14,12,1,0,0,0.007924,
1,2018,06,14,12,2,0,0,0.007924,
1,2018,06,14,12,3,0,0,0.007924,
1,2018,06,14,13,0,0,0,0.007924,
1,2018,06,14,13,1,0,0,0.007924,
1,2018,06,14,13,2,0,0,0.007924,
1,2018,06,14,13,3,0,0,0.007924,
1,2018,06,14,14,0,0,0,0.007924,
1,2018,06,14,14,1,0,0,0.007924,
1,2018,06,14,14,2,0,0,0.007924,
1,2018,06,14,14,3,0,0,0.007924,
1,2018,06,14,15,0,0,0,0.007924,
1,2018,06,14,15,1,0,0,0.007924,
1,2018,06,14,15,2,0,0,0.007924,
1,2018,06,14,15,3,0,0,0.007924,
1,2018,06,14,16,0,0,0,0.007924,
1,2018,06,14,16,1,0,0,0.007924,
1,2018,06,14,16,2,0,0,0.007924,
1,2018,06,14,16,3,0,0,0.007924,
1,2018,06,14,17,0,0,0,0.007924,
1,2018,06,14,17,1,0,0,0.007924,
1,2018,06,14,17,2,0,0,0.007924,
1,2018,06,14,17,3,0,0,0.007924,
1,2018,06,14,18,0,0,0,0.007924,
1,2018,06,14,18,1,0,0,0.007924,
1,2018,06,14,18,2,0,0,0.007924,
1,2018,06,14,18,3,0,0,0.007924,
1,2018,06,14,19,0,0,0,0.007924,
1,2018,06,14,19,1,0,0,0.007924,
1,2018,06,14,19,2,0,0,0.007924,
1,2018,06,14,19,3,0,0,0.007924,
1,2018,06,14,20,0,0,0,0.007924,
1,2018,06,14,20,1,0,0,0.007924,
1,2018,06,14,20,2,0,0,0.007924,
1,2018,06,14,20,3,0,0,0.007924,
1,2018,06,14,21,0,0,0,0.007924,
1,2018,06,14,21,1,0,0,0.007924,
1,2018,06,14,21,2,0,0,0.007924,
1,2018,06,14,21,3,0,0,0.007924,
1,2018,06,14,22,0,0,0,0.007924,
1,2018,06,14,22,1,0,0,0.007924,
1,2018,06,14,22,2,0,0,0.007924,
1,2018,06,14,22,3,0,0,0.007924,
1,2018,06,14,23,0,0,0,0.007924,
1,2018,06,14,23,1,0,0,0.007924,
1,2018,06,14,23,2,0,0,0.007924,
1,2018,06,14,23,3,0,0,0.007924,
1,2018,06,15,00,0,0,0,0.007924,
1,2018,06,15,00,1,0,0,0.007924,
1,2018,06,15,00,2,0,0,0.007924,
1,2018,06,15,00,3,0,0,0.007924,
1,2018,06,15,01,0,0,0,0.007924,
1,2018,06,15,01,1,0,0,0.007924,
1,2018,06,15,01,2,0,0,0.007924,
1,2018,06,15,01,3,0,0,0.007924,
1,2018,06,15,02,0,0,0,0.007924,
1,2018,06,15,02,1,0,0,0.007924,
1,2018,06,15,02,2,0,0,0.007924,
1,2018,06,15,02,3,0,0,0.007924,
1,2018,06,15,03,0,0,0,0.007924,
1,2018,06,15,03,1,0,0,0.007924,
1,2018,06,15,03,2,0,0,0.007924,
1,2018,06,15,03,3,0,0,0.007924,
1,2018,06,15,04,0,0,0,0.007924,
1,2018,06,15,04,1,0,0,0.007924,
1,2018,06,15,04,2,0,0,0.007924,
1,2018,06,15,04,3,0,0,0.007924,
1,2018,06,15,05,0,0,0,0.007924,
1,2018,06,15,05,1,0,0,0.007924,
1,2018,06,15,05,2,0,0,0.007924,
1,2018,06,15,05,3,0,0,0.007924,
1,2018,06,15,06,0,0,0,0.007924,
1,2018,06,15,06,1,0,0,0.007924,
1,2018,06,15,06,2,0,0,0.007924,
1,2018,06,15,06,3,0,0,0.007924,
1,2018,06,15,07,0,0,0,0.007924,
1,2018,06,15,07,1,0,0,0.007924,
1,2018,06,15,07,2,0,0,0.007924,
1,2018,06,15,07,3,0,0,0.007924,
1,2018,06,15,08,0,0,0,0.007924,
1,2018,06,15,08,1,0,0,0.007924,
1,2018,06,15,08,2,0,0,0.007924,
1,2018,06,15,08,3,0,0,0.007924,
1,2018,06,15,09,0,0,0,0.007924,
1,2018,06,15,09,1,0,0,0.007924,
1,2018,06,15,09,2,0,0,0.007924,
1,2018,06,15,09,3,0,0,0.007924,
1,2018,06,15,10,0,0,0,0.007924,
1,2018,06,15,10,1,0,0,0.007924,
1,2018,06,15,10,2,0,0,0.007924,
1,2018,06,15,10,3,0,0,0.007924,
1,2018,06,15,11,0,0,0,0.007924,
1,2018,06,15,11,1,0,0,0.007924,
1,2018,06,15,11,2,0,0,0.007924,
1,2018,06,15,11,3,0,0,0.007924,
1,2018,06,15,12,0,0,0,0.007924,
1,2018,06,15,12,1,0,0,0.007924,
1,2018,06,15,12,2,0,0,0.007924,
1,2018,06,15,12,3,0,0,0.007924,
1,2018,06,15,13,0,0,0,0.007924,
1,2018,06,15,13,1,0,0,0.007924,
1,2018,06,15,13,2,0,0,0.007924,
1,2018,06,15,13,3,0,0,0.007924,
1,2018,06,15,14,0,0,0,0.007924,
1,2018,06,15,14,1,0,0,0.007924,
1,2018,06,15,14,2,0,0,0.007924,
1,2018,06,15,14,3,0,0,0.007924,
1,2018,06,15,15,0,0,0,0.007924,
1,2018,06,15,15,1,0,0,0.007924,
1,2018,06,15,15,2,0,0,0.007924,
1,2018,06,15,15,3,0,0,0.007924,
1,2018,06,15,16,0,0,0,0.007924,
1,2018,06,15,16,1,0,0,0.007924,
1,2018,06,15,16,2,0,0,0.007924,
1,2018,06,15,16,3,0,0,0.007924,
1,2018,06,15,17,0,0,0,0.007924,
1,2018,06,15,17,1,0,0,0.007924,
1,2018,06,15,17,2,0,0,0.007924,
1,2018,06,15,17,3,0,0,0.007924,
1,2018,06,15,18,0,0,0,0.007924,
1,2018,06,15,18,1,0,0,0.007924,
1,2018,06,15,18,2,0,0,0.007924,
1,2018,06,15,18,3,0,0,0.007924,
1,2018,06,15,19,0,0,0,0.007924,
1,2018,06,15,19,1,0,0,0.007924,
1,2018,06,15,19,2,0,0,0.007924,
1,2018,06,15,19,3,0,0,0.007924,
1,2018,06,15,20,0,0,0,0.007924,
1,2018,06,15,20,1,0,0,0.007924,
1,2018,06,15,20,2,0,0,0.007924,
1,2018,06,15,20,3,0,0,0.007924,
1,2018,06,15,21,0,0,0,0.007924,
1,2018,06,15,21,1,0,0,0.007924,
1,2018,06,15,21,2,0,0,0.007924,
1,2018,06,15,21,3,0,0,0.007924,
1,2018,06,15,22,0,0,0,0.007924,
1,2018,06,15,22,1,0,0,0.007924,
1,2018,06,15,22,2,0,0,0.007924,
1,2018,06,15,22,3,0,0,0.007924,
1,2018,06,15,23,0,0,0,0.007924,
1,2018,06,15,23,1,0,0,0.007924,
1,2018,06,15,23,2,0,0,0.007924,
1,2018,06,15,23,3,0,0,0.007924,
1,2018,06,16,00,0,0,0,0.007924,
1,2018,06,16,00,1,0,0,0.007924,
1,2018,06,16,00,2,0,0,0.007924,
1,2018,06,16,00,3,0,0,0.007924,
1,2018,06,16,01,0,0,0,0.007924,
1,2018,06,16,01,1,0,0,0.007924,
1,2018,06,16,01,2,0,0,0.007924,
1,2018,06,16,01,3,0,0,0.007924,
1,2018,06,16,02,0,0,0,0.007924,
1,2018,06,16,02,1,0,0,0.007924,
1,2018,06,16,02,2,0,0,0.007924,
1,2018,06,16,02,3,0,0,0.007924,
1,2018,06,16,03,0,0,0,0.007924,
1,2018,06,16,03,1,0,0,0.007924,
1,2018,06,16,03,2,0,0,0.007924,
1,2018,06,16,03,3,0,0,0.007924,
1,2018,06,16,04,0,0,0,0.007924,
1,2018,06,16,04,1,0,0,0.007924,
1,2018,06,16,04,2,0,0,0.007924,
1,2018,06,16,04,3,0,0,0.007924,
1,2018,06,16,05,0,0,0,0.007924,
1,2018,06,16,05,1,0,0,0.007924,
1,2018,06,16,05,2,0,0,0.007924,
1,2018,06,16,05,3,0,0,0.007924,
1,2018,06,16,06,0,0,0,0.007924,
1,2018,06,16,06,1,0,0,0.007924,
1,2018,06,16,06,2,0,0,0.007924,
1,2018,06,16,06,3,0,0,0.007924,
1,2018,06,16,07,0,0,0,0.007924,
1,2018,06,16,07,1,0,0,0.007924,
1,2018,06,16,07,2,0,0,0.007924,
1,2018,06,16,07,3,0,0,0.007924,
1,2018,06,16,08,0,0,0,0.007924,
1,2018,06,16,08,1,0,0,0.007924,
1,2018,06,16,08,2,0,0,0.007924,
1,2018,06,16,08,3,0,0,0.007924,
1,2018,06,16,09,0,0,0,0.007924,
1,2018,06,16,09,1,0,0,0.007924,
1,2018,06,16,09,2,0,0,0.007924,
1,2018,06,16,09,3,0,0,0.007924,
1,2018,06,16,10,0,0,0,0.007924,
1,2018,06,16,10,1,0,0,0.007924,
1,2018,06,16,10,2,0,0,0.007924,
1,2018,06,16,10,3,0,0,0.007924,
1,2018,06,16,11,0,0,0,0.007924,
1,2018,06,16,11,1,0,0,0.007924,
1,2018,06,16,11,2,0,0,0.007924,
1,2018,06,16,11,3,0,0,0.007924,
1,2018,06,16,12,0,0,0,0.007924,
1,2018,06,16,12,1,0,0,0.007924,
1,2018,06,16,12,2,0,0,0.007924,
1,2018,06,16,12,3,0,0,0.007924,
1,2018,06,16,13,0,0,0,0.007924,
1,2018,06,16,13,1,0,0,0.007924,
1,2018,06,16,13,2,0,0,0.007924,
1,2018,06,16,13,3,0,0,0.007924,
1,2018,06,16,14,0,0,0,0.007924,
1,2018,06,16,14,1,0,0,0.007924,
1,2018,06,16,14,2,0,0,0.007924,
1,2018,06,16,14,3,0,0,0.007924,
1,2018,06,16,15,0,0,0,0.007924,
1,2018,06,16,15,1,0,0,0.007924,
1,2018,06,16,15,2,0,0,0.007924,
1,2018,06,16,15,3,0,0,0.007924,
1,2018,06,16,16,0,0,0,0.007924,
1,2018,06,16,16,1,0,0,0.007924,
1,2018,06,16,16,2,0,0,0.007924,
1,2018,06,16,16,3,0,0,0.007924,
1,2018,06,16,17,0,0,0,0.007924,
1,2018,06,16,17,1,0,0,0.007924,
1,2018,06,16,17,2,0,0,0.007924,
1,2018,06,16,17,3,0,0,0.007924,
1,2018,06,16,18,0,0,0,0.007924,
1,2018,06,16,18,1,0,0,0.007924,
1,2018,06,16,18,2,0,0,0.007924,
1,2018,06,16,18,3,0,0,0.007924,
1,2018,06,16,19,0,0,0,0.007924,
1,2018,06,16,19,1,0,0,0.007924,
1,2018,06,16,19,2,0,0,0.007924,
1,2018,06,16,19,3,0,0,0.007924,
1,2018,06,16,20,0,0,0,0.007924,
1,2018,06,16,20,1,0,0,0.007924,
1,2018,06,16,20,2,0,0,0.007924,
1,2018,06,16,20,3,0,0,0.007924,
1,2018,06,16,21,0,0,0,0.007924,
1,2018,06,16,21,1,0,0,0.007924,
1,2018,06,16,21,2,0,0,0.007924,
1,2018,06,16,21,3,0,0,0.007924,
1,2018,06,16,22,0,0,0,0.007924,
1,2018,06,16,22,1,0,0,0.007924,
1,2018,06,16,22,2,0,0,0.007924,
1,2018,06,16,22,3,0,0,0.007924,
1,2018,06,16,23,0,0,0,0.007924,
1,2018,06,16,23,1,0,0,0.007924,
1,2018,06,16,23,2,0,0,0.007924,
1,2018,06,16,23,3,0,0,0.007924,
1,2018,06,17,00,0,0,0,0.007924,
1,2018,06,17,00,1,0,0,0.007924,
1,2018,06,17,00,2,0,0,0.007924,
1,2018,06,17,00,3,0,0,0.007924,
1,2018,06,17,01,0,0,0,0.007924,
1,2018,06,17,01,1,0,0,0.007924,
1,2018,06,17,01,2,0,0,0.007924,
1,2018,06,17,01,3,0,0,0.007924,
1,2018,06,17,02,0,0,0,0.007924,
1,2018,06,17,02,1,0,0,0.007924,
1,2018,06,17,02,2,0,0,0.007924,
1,2018,06,17,02,3,0,0,0.007924,
1,2018,06,17,03,0,0,0,0.007924,
1,2018,06,17,03,1,0,0,0.007924,
1,2018,06,17,03,2,0,0,0.007924,
1,2018,06,17,03,3,0,0,0.007924,
1,2018,06,17,04,0,0,0,0.007924,
1,2018,06,17,04,1,0,0,0.007924,
1,2018,06,17,04,2,0,0,0.007924,
1,2018,06,17,04,3,0,0,0.007924,
1,2018,06,17,05,0,0,0,0.007924,
1,2018,06,17,05,1,0,0,0.007924,
1,2018,06,17,05,2,0,0,0.007924,
1,2018,06,17,05,3,0,0,0.007924,
1,2018,06,17,06,0,0,0,0.007924,
1,2018,06,17,06,1,0,0,0.007924,
1,2018,06,17,06,2,0,0,0.007924,
1,2018,06,17,06,3,0,0,0.007924,
1,2018,06,17,07,0,0,0,0.007924,
1,2018,06,17,07,1,0,0,0.007924,
1,2018,06,17,07,2,0,0,0.007924,
1,2018,06,17,07,3,0,0,0.007924,
1,2018,06,17,08,0,0,0,0.007924,
1,2018,06,17,08,1,0,0,0.007924,
1,2018,06,17,08,2,0,0,0.007924,
1,2018,06,17,08,3,0,0,0.007924,
1,2018,06,17,09,0,0,0,0.007924,
1,2018,06,17,09,1,0,0,0.007924,
1,2018,06,17,09,2,0,0,0.007924,
1,2018,06,17,09,3,0,0,0.007924,
1,2018,06,17,10,0,0,0,0.007924,
1,2018,06,17,10,1,0,0,0.007924,
1,2018,06,17,10,2,0,0,0.007924,
1,2018,06,17,10,3,0,0,0.007924,
1,2018,06,17,11,0,0,0,0.007924,
1,2018,06,17,11,1,0,0,0.007924,
1,2018,06,17,11,2,0,0,0.007924,
1,2018,06,17,11,3,0,0,0.007924,
1,2018,06,17,12,0,0,0,0.007924,
1,2018,06,17,12,1,0,0,0.007924,
1,2018,06,17,12,2,0,0,0.007924,
1,2018,06,17,12,3,0,0,0.007924,
1,2018,06,17,13,0,0,0,0.007924,
1,2018,06,17,13,1,0,0,0.007924,
1,2018,06,17,13,2,0,0,0.007924,
1,2018,06,17,13,3,0,0,0.007924,
1,2018,06,17,14,0,0,0,0.007924,
1,2018,06,17,14,1,0,0,0.007924,
1,2018,06,17,14,2,0,0,0.007924,
1,2018,06,17,14,3,0,0,0.007924,
1,2018,06,17,15,0,0,0,0.007924,
1,2018,06,17,15,1,0,0,0.007924,
1,2018,06,17,15,2,0,0,0.007924,
1,2018,06,17,15,3,0,0,0.007924,
1,2018,06,17,16,0,0,0,0.007924,
1,2018,06,17,16,1,0,0,0.007924,
1,2018,06,17,16,2,0,0,0.007924,
1,2018,06,17,16,3,0,0,0.007924,
1,2018,06,17,17,0,0,0,0.007924,
1,2018,06,17,17,1,0,0,0.007924,
1,2018,06,17,17,2,0,0,0.007924,
1,2018,06,17,17,3,0,0,0.007924,
1,2018,06,17,18,0,0,0,0.007924,
1,2018,06,17,18,1,0,0,0.007924,
1,2018,06,17,18,2,0,0,0.007924,
1,2018,06,17,18,3,0,0,0.007924,
1,2018,06,17,19,0,0,0,0.007924,
1,2018,06,17,19,1,0,0,0.007924,
1,2018,06,17,19,2,0,0,0.007924,
1,2018,06,17,19,3,0,0,0.007924,
1,2018,06,17,20,0,0,0,0.007924,
1,2018,06,17,20,1,0,0,0.007924,
1,2018,06,17,20,2,0,0,0.007924,
1,2018,06,17,20,3,0,0,0.007924,
1,2018,06,17,21,0,0,0,0.007924,
1,2018,06,17,21,1,0,0,0.007924,
1,2018,06,17,21,2,0,0,0.007924,
1,2018,06,17,21,3,0,0,0.007924,
1,2018,06,17,22,0,0,0,0.007924,
1,2018,06,17,22,1,0,0,0.007924,
1,2018,06,17,22,2,0,0,0.007924,
1,2018,06,17,22,3,0,0,0.007924,
1,2018,06,17,23,0,0,0,0.007924,
1,2018,06,17,23,1,0,0,0.007924,
1,2018,06,17,23,2,0,0,0.007924,
1,2018,06,17,23,3,0,0,0.007924,
1,2018,06,18,00,0,0,0,0.007924,
1,2018,06,18,00,1,0,0,0.007924,
1,2018,06,18,00,2,0,0,0.007924,
1,2018,06,18,00,3,0,0,0.007924,
1,2018,06,18,01,0,0,0,0.007924,
1,2018,06,18,01,1,0,0,0.007924,
1,2018,06,18,01,2,0,0,0.007924,
1,2018,06,18,01,3,0,0,0.007924,
1,2018,06,18,02,0,0,0,0.007924,
1,2018,06,18,02,1,0,0,0.007924,
1,2018,06,18,02,2,0,0,0.007924,
1,2018,06,18,02,3,0,0,0.007924,
1,2018,06,18,03,0,0,0,0.007924,
1,2018,06,18,03,1,0,0,0.007924,
1,2018,06,18,03,2,0,0,0.007924,
1,2018,06,18,03,3,0,0,0.007924,
1,2018,06,18,04,0,0,0,0.007924,
1,2018,06,18,04,1,0,0,0.007924,
1,2018,06,18,04,2,0,0,0.007924,
1,2018,06,18,04,3,0,0,0.007924,
1,2018,06,18,05,0,0,0,0.007924,
1,2018,06,18,05,1,0,0,0.007924,
1,2018,06,18,05,2,0,0,0.007924,
1,2018,06,18,05,3,0,0,0.007924,
1,2018,06,18,06,0,0,0,0.007924,
1,2018,06,18,06,1,0,0,0.007924,
1,2018,06,18,06,2,0,0,0.007924,
1,2018,06,18,06,3,0,0,0.007924,
1,2018,06,18,07,0,0,0,0.007924,
1,2018,06,18,07,1,0,0,0.007924,
1,2018,06,18,07,2,0,0,0.007924,
1,2018,06,18,07,3,0,0,0.007924,
1,2018,06,18,08,0,0,0,0.007924,
1,2018,06,18,08,1,0,0,0.007924,
1,2018,06,18,08,2,0,0,0.007924,
1,2018,06,18,08,3,0,0,0.007924,
1,2018,06,18,09,0,0,0,0.007924,
1,2018,06,18,09,1,0,0,0.007924,
1,2018,06,18,09,2,0,0,0.007924,
1,2018,06,18,09,3,0,0,0.007924,
1,2018,06,18,10,0,0,0,0.007924,
1,2018,06,18,10,1,0,0,0.007924,
1,2018,06,18,10,2,0,0,0.007924,
1,2018,06,18,10,3,0,0,0.007924,
1,2018,06,18,11,0,0,0,0.007924,
1,2018,06,18,11,1,0,0,0.007924,
1,2018,06,18,11,2,0,0,0.007924,
1,2018,06,18,11,3,0,0,0.007924,
1,2018,06,18,12,0,0,0,0.007924,
1,2018,06,18,12,1,0,0,0.007924,
1,2018,06,18,12,2,0,0,0.007924,
1,2018,06,18,12,3,0,0,0.007924,
1,2018,06,18,13,0,0,0,0.007924,
1,2018,06,18,13,1,0,0,0.007924,
1,2018,06,18,13,2,0,0,0.007924,
1,2018,06,18,13,3,0,0,0.007924,
1,2018,06,18,14,0,0,0,0.007924,
1,2018,06,18,14,1,0,0,0.007924,
1,2018,06,18,14,2,0,0,0.007924,
1,2018,06,18,14,3,0,0,0.007924,
1,2018,06,18,15,0,0,0,0.007924,
1,2018,06,18,15,1,0,0,0.007924,
1,2018,06,18,15,2,0,0,0.007924,
1,2018,06,18,15,3,0,0,0.007924,
1,2018,06,18,16,0,0,0,0.007924,
1,2018,06,18,16,1,0,0,0.007924,
1,2018,06,18,16,2,0,0,0.007924,
1,2018,06,18,16,3,0,0,0.007924,
1,2018,06,18,17,0,0,0,0.007924,
1,2018,06,18,17,1,0,0,0.007924,
1,2018,06,18,17,2,0,0,0.007924,
1,2018,06,18,17,3,0,0,0.007924,
1,2018,06,18,18,0,0,0,0.007924,
1,2018,06,18,18,1,0,0,0.007924,
1,2018,06,18,18,2,0,0,0.007924,
1,2018,06,18,18,3,0,0,0.007924,
1,2018,06,18,19,0,0,0,0.007924,
1,2018,06,18,19,1,0,0,0.007924,
1,2018,06,18,19,2,0,0,0.007924,
1,2018,06,18,19,3,0,0,0.007924,
1,2018,06,18,20,0,0,0,0.007924,
1,2018,06,18,20,1,0,0,0.007924,
1,2018,06,18,20,2,0,0,0.007924,
1,2018,06,18,20,3,0,0,0.007924,
1,2018,06,18,21,0,0,0,0.007924,
1,2018,06,18,21,1,0,0,0.007924,
1,2018,06,18,21,2,0,0,0.007924,
1,2018,06,18,21,3,0,0,0.007924,
1,2018,06,18,22,0,0,0,0.007924,
1,2018,06,18,22,1,0,0,0.007924,
1,2018,06,18,22,2,0,0,0.007924,
1,2018,06,18,22,3,0,0,0.007924,
1,2018,06,18,23,0,0,0,0.007924,
1,2018,06,18,23,1,0,0,0.007924,
1,2018,06,18,23,2,0,0,0.007924,
1,2018,06,18,23,3,0,0,0.007924,
1,2018,06,19,00,0,0,0,0.007924,
1,2018,06,19,00,1,0,0,0.007924,
1,2018,06,19,00,2,0,0,0.007924,
1,2018,06,19,00,3,0,0,0.007924,
1,2018,06,19,01,0,0,0,0.007924,
1,2018,06,19,01,1,0,0,0.007924,
1,2018,06,19,01,2,0,0,0.007924,
1,2018,06,19,01,3,0,0,0.007924,
1,2018,06,19,02,0,0,0,0.007924,
1,2018,06,19,02,1,0,0,0.007924,
1,2018,06,19,02,2,0,0,0.007924,
1,2018,06,19,02,3,0,0,0.007924,
1,2018,06,19,03,0,0,0,0.007924,
1,2018,06,19,03,1,0,0,0.007924,
1,2018,06,19,03,2,0,0,0.007924,
1,2018,06,19,03,3,0,0,0.007924,
1,2018,06,19,04,0,0,0,0.007924,
1,2018,06,19,04,1,0,0,0.007924,
1,2018,06,19,04,2,0,0,0.007924,
1,2018,06,19,04,3,0,0,0.007924,
1,2018,06,19,05,0,0,0,0.007924,
1,2018,06,19,05,1,0,0,0.007924,
1,2018,06,19,05,2,0,0,0.007924,
1,2018,06,19,05,3,0,0,0.007924,
1,2018,06,19,06,0,0,0,0.007924,
1,2018,06,19,06,1,0,0,0.007924,
1,2018,06,19,06,2,0,0,0.007924,
1,2018,06,19,06,3,0,0,0.007924,
1,2018,06,19,07,0,0,0,0.007924,
1,2018,06,19,07,1,0,0,0.007924,
1,2018,06,19,07,2,0,0,0.007924,
1,2018,06,19,07,3,0,0,0.007924,
1,2018,06,19,08,0,0,0,0.007924,
1,2018,06,19,08,1,0,0,0.007924,
1,2018,06,19,08,2,0,0,0.007924,
1,2018,06,19,08,3,0,0,0.007924,
1,2018,06,19,09,0,0,0,0.007924,
1,2018,06,19,09,1,0,0,0.007924,
1,2018,06,19,09,2,0,0,0.007924,
1,2018,06,19,09,3,0,0,0.007924,
1,2018,06,19,10,0,0,0,0.007924,
1,2018,06,19,10,1,0,0,0.007924,
1,2018,06,19,10,2,0,0,0.007924,
1,2018,06,19,10,3,0,0,0.007924,
1,2018,06,19,11,0,0,0,0.007924,
1,2018,06,19,11,1,0,0,0.007924,
1,2018,06,19,11,2,0,0,0.007924,
1,2018,06,19,11,3,0,0,0.007924,
1,2018,06,19,12,0,0,0,0.007924,
1,2018,06,19,12,1,0,0,0.007924,
1,2018,06,19,12,2,0,0,0.007924,
1,2018,06,19,12,3,0,0,0.007924,
1,2018,06,19,13,0,0,0,0.007924,
1,2018,06,19,13,1,0,0,0.007924,
1,2018,06,19,13,2,0,0,0.007924,
1,2018,06,19,13,3,0,0,0.007924,
1,2018,06,19,14,0,0,0,0.007924,
1,2018,06,19,14,1,0,0,0.007924,
1,2018,06,19,14,2,0,0,0.007924,
1,2018,06,19,14,3,0,0,0.007924,
1,2018,06,19,15,0,0,0,0.007924,
1,2018,06,19,15,1,0,0,0.007924,
1,2018,06,19,15,2,0,0,0.007924,
1,2018,06,19,15,3,0,0,0.007924,
1,2018,06,19,16,0,0,0,0.007924,
1,2018,06,19,16,1,0,0,0.007924,
1,2018,06,19,16,2,0,0,0.007924,
1,2018,06,19,16,3,0,0,0.007924,
1,2018,06,19,17,0,0,0,0.007924,
1,2018,06,19,17,1,0,0,0.007924,
1,2018,06,19,17,2,0,0,0.007924,
1,2018,06,19,17,3,0,0,0.007924,
1,2018,06,19,18,0,0,0,0.007924,
1,2018,06,19,18,1,0,0,0.007924,
1,2018,06,19,18,2,0,0,0.007924,
1,2018,06,19,18,3,0,0,0.007924,
1,2018,06,19,19,0,0,0,0.007924,
1,2018,06,19,19,1,0,0,0.007924,
1,2018,06,19,19,2,0,0,0.007924,
1,2018,06,19,19,3,0,0,0.007924,
1,2018,06,19,20,0,0,0,0.007924,
1,2018,06,19,20,1,0,0,0.007924,
1,2018,06,19,20,2,0,0,0.007924,
1,2018,06,19,20,3,0,0,0.007924,
1,2018,06,19,21,0,0,0,0.007924,
1,2018,06,19,21,1,0,0,0.007924,
1,2018,06,19,21,2,0,0,0.007924,
1,2018,06,19,21,3,0,0,0.007924,
1,2018,06,19,22,0,0,0,0.007924,
1,2018,06,19,22,1,0,0,0.007924,
1,2018,06,19,22,2,0,0,0.007924,
1,2018,06,19,22,3,0,0,0.007924,
1,2018,06,19,23,0,0,0,0.007924,
1,2018,06,19,23,1,0,0,0.007924,
1,2018,06,19,23,2,0,0,0.007924,
1,2018,06,19,23,3,0,0,0.007924,
1,2018,06,20,00,0,0,0,0.007924,
1,2018,06,20,00,1,0,0,0.007924,
1,2018,06,20,00,2,0,0,0.007924,
1,2018,06,20,00,3,0,0,0.007924,
1,2018,06,20,01,0,0,0,0.007924,
1,2018,06,20,01,1,0,0,0.007924,
1,2018,06,20,01,2,0,0,0.007924,
1,2018,06,20,01,3,0,0,0.007924,
1,2018,06,20,02,0,0,0,0.007924,
1,2018,06,20,02,1,0,0,0.007924,
1,2018,06,20,02,2,0,0,0.007924,
1,2018,06,20,02,3,0,0,0.007924,
1,2018,06,20,03,0,0,0,0.007924,
1,2018,06,20,03,1,0,0,0.007924,
1,2018,06,20,03,2,0,0,0.007924,
1,2018,06,20,03,3,0,0,0.007924,
1,2018,06,20,04,0,0,0,0.007924,
1,2018,06,20,04,1,0,0,0.007924,
1,2018,06,20,04,2,0,0,0.007924,
1,2018,06,20,04,3,0,0,0.007924,
1,2018,06,20,05,0,0,0,0.007924,
1,2018,06,20,05,1,0,0,0.007924,
1,2018,06,20,05,2,0,0,0.007924,
1,2018,06,20,05,3,0,0,0.007924,
1,2018,06,20,06,0,0,0,0.007924,
1,2018,06,20,06,1,0,0,0.007924,
1,2018,06,20,06,2,0,0,0.007924,
1,2018,06,20,06,3,0,0,0.007924,
1,2018,06,20,07,0,0,0,0.007924,
1,2018,06,20,07,1,0,0,0.007924,
1,2018,06,20,07,2,0,0,0.007924,
1,2018,06,20,07,3,0,0,0.007924,
1,2018,06,20,08,0,0,0,0.007924,
1,2018,06,20,08,1,0,0,0.007924,
1,2018,06,20,08,2,0,0,0.007924,
1,2018,06,20,08,3,0,0,0.007924,
1,2018,06,20,09,0,0,0,0.007924,
1,2018,06,20,09,1,0,0,0.007924,
1,2018,06,20,09,2,0,0,0.007924,
1,2018,06,20,09,3,0,0,0.007924,
1,2018,06,20,10,0,0,0,0.007924,
1,2018,06,20,10,1,0,0,0.007924,
1,2018,06,20,10,2,0,0,0.007924,
1,2018,06,20,10,3,0,0,0.007924,
1,2018,06,20,11,0,0,0,0.007924,
1,2018,06,20,11,1,0,0,0.007924,
1,2018,06,20,11,2,0,0,0.007924,
1,2018,06,20,11,3,0,0,0.007924,
1,2018,06,20,12,0,0,0,0.007924,
1,2018,06,20,12,1,0,0,0.007924,
1,2018,06,20,12,2,0,0,0.007924,
1,2018,06,20,12,3,0,0,0.007924,
1,2018,06,20,13,0,0,0,0.007924,
1,2018,06,20,13,1,0,0,0.007924,
1,2018,06,20,13,2,0,0,0.007924,
1,2018,06,20,13,3,0,0,0.007924,
1,2018,06,20,14,0,0,0,0.007924,
1,2018,06,20,14,1,0,0,0.007924,
1,2018,06,20,14,2,0,0,0.007924,
1,2018,06,20,14,3,0,0,0.007924,
1,2018,06,20,15,0,0,0,0.007924,
1,2018,06,20,15,1,0,0,0.007924,
1,2018,06,20,15,2,0,0,0.007924,
1,2018,06,20,15,3,0,0,0.007924,
1,2018,06,20,16,0,0,0,0.007924,
1,2018,06,20,16,1,0,0,0.007924,
1,2018,06,20,16,2,0,0,0.007924,
1,2018,06,20,16,3,0,0,0.007924,
1,2018,06,20,17,0,0,0,0.007924,
1,2018,06,20,17,1,0,0,0.007924,
1,2018,06,20,17,2,0,0,0.007924,
1,2018,06,20,17,3,0,0,0.007924,
1,2018,06,20,18,0,0,0,0.007924,
1,2018,06,20,18,1,0,0,0.007924,
1,2018,06,20,18,2,0,0,0.007924,
1,2018,06,20,18,3,0,0,0.007924,
1,2018,06,20,19,0,0,0,0.007924,
1,2018,06,20,19,1,0,0,0.007924,
1,2018,06,20,19,2,0,0,0.007924,
1,2018,06,20,19,3,0,0,0.007924,
1,2018,06,20,20,0,0,0,0.007924,
1,2018,06,20,20,1,0,0,0.007924,
1,2018,06,20,20,2,0,0,0.007924,
1,2018,06,20,20,3,0,0,0.007924,
1,2018,06,20,21,0,0,0,0.007924,
1,2018,06,20,21,1,0,0,0.007924,
1,2018,06,20,21,2,0,0,0.007924,
1,2018,06,20,21,3,0,0,0.007924,
1,2018,06,20,22,0,0,0,0.007924,
1,2018,06,20,22,1,0,0,0.007924,
1,2018,06,20,22,2,0,0,0.007924,
1,2018,06,20,22,3,0,0,0.007924,
1,2018,06,20,23,0,0,0,0.007924,
1,2018,06,20,23,1,0,0,0.007924,
1,2018,06,20,23,2,0,0,0.007924,
1,2018,06,20,23,3,0,0,0.007924,
1,2018,06,21,00,0,0,0,0.007924,
1,2018,06,21,00,1,0,0,0.007924,
1,2018,06,21,00,2,0,0,0.007924,
1,2018,06,21,00,3,0,0,0.007924,
1,2018,06,21,01,0,0,0,0.007924,
1,2018,06,21,01,1,0,0,0.007924,
1,2018,06,21,01,2,0,0,0.007924,
1,2018,06,21,01,3,0,0,0.007924,
1,2018,06,21,02,0,0,0,0.007924,
1,2018,06,21,02,1,0,0,0.007924,
1,2018,06,21,02,2,0,0,0.007924,
1,2018,06,21,02,3,0,0,0.007924,
1,2018,06,21,03,0,0,0,0.007924,
1,2018,06,21,03,1,0,0,0.007924,
1,2018,06,21,03,2,0,0,0.007924,
1,2018,06,21,03,3,0,0,0.007924,
1,2018,06,21,04,0,0,0,0.007924,
1,2018,06,21,04,1,0,0,0.007924,
1,2018,06,21,04,2,0,0,0.007924,
1,2018,06,21,04,3,0,0,0.007924,
1,2018,06,21,05,0,0,0,0.007924,
1,2018,06,21,05,1,0,0,0.007924,
1,2018,06,21,05,2,0,0,0.007924,
1,2018,06,21,05,3,0,0,0.007924,
1,2018,06,21,06,0,0,0,0.007924,
1,2018,06,21,06,1,0,0,0.007924,
1,2018,06,21,06,2,0,0,0.007924,
1,2018,06,21,06,3,0,0,0.007924,
1,2018,06,21,07,0,0,0,0.007924,
1,2018,06,21,07,1,0,0,0.007924,
1,2018,06,21,07,2,0,0,0.007924,
1,2018,06,21,07,3,0,0,0.007924,
1,2018,06,21,08,0,0,0,0.007924,
1,2018,06,21,08,1,0,0,0.007924,
1,2018,06,21,08,2,0,0,0.007924,
1,2018,06,21,08,3,0,0,0.007924,
1,2018,06,21,09,0,0,0,0.007924,
1,2018,06,21,09,1,0,0,0.007924,
1,2018,06,21,09,2,0,0,0.007924,
1,2018,06,21,09,3,0,0,0.007924,
1,2018,06,21,10,0,0,0,0.007924,
1,2018,06,21,10,1,0,0,0.007924,
1,2018,06,21,10,2,0,0,0.007924,
1,2018,06,21,10,3,0,0,0.007924,
1,2018,06,21,11,0,0,0,0.007924,
1,2018,06,21,11,1,0,0,0.007924,
1,2018,06,21,11,2,0,0,0.007924,
1,2018,06,21,11,3,0,0,0.007924,
1,2018,06,21,12,0,0,0,0.007924,
1,2018,06,21,12,1,0,0,0.007924,
1,2018,06,21,12,2,0,0,0.007924,
1,2018,06,21,12,3,0,0,0.007924,
1,2018,06,21,13,0,0,0,0.007924,
1,2018,06,21,13,1,0,0,0.007924,
1,2018,06,21,13,2,0,0,0.007924,
1,2018,06,21,13,3,0,0,0.007924,
1,2018,06,21,14,0,0,0,0.007924,
1,2018,06,21,14,1,0,0,0.007924,
1,2018,06,21,14,2,0,0,0.007924,
1,2018,06,21,14,3,0,0,0.007924,
1,2018,06,21,15,0,0,0,0.007924,
1,2018,06,21,15,1,0,0,0.007924,
1,2018,06,21,15,2,0,0,0.007924,
1,2018,06,21,15,3,0,0,0.007924,
1,2018,06,21,16,0,0,0,0.007924,
1,2018,06,21,16,1,0,0,0.007924,
1,2018,06,21,16,2,0,0,0.007924,
1,2018,06,21,16,3,0,0,0.007924,
1,2018,06,21,17,0,0,0,0.007924,
1,2018,06,21,17,1,0,0,0.007924,
1,2018,06,21,17,2,0,0,0.007924,
1,2018,06,21,17,3,0,0,0.007924,
1,2018,06,21,18,0,0,0,0.007924,
1,2018,06,21,18,1,0,0,0.007924,
1,2018,06,21,18,2,0,0,0.007924,
1,2018,06,21,18,3,0,0,0.007924,
1,2018,06,21,19,0,0,0,0.007924,
1,2018,06,21,19,1,0,0,0.007924,
1,2018,06,21,19,2,0,0,0.007924,
1,2018,06,21,19,3,0,0,0.007924,
1,2018,06,21,20,0,0,0,0.007924,
1,2018,06,21,20,1,0,0,0.007924,
1,2018,06,21,20,2,0,0,0.007924,
1,2018,06,21,20,3,0,0,0.007924,
1,2018,06,21,21,0,0,0,0.007924,
1,2018,06,21,21,1,0,0,0.007924,
1,2018,06,21,21,2,0,0,0.007924,
1,2018,06,21,21,3,0,0,0.007924,
1,2018,06,21,22,0,0,0,0.007924,
1,2018,06,21,22,1,0,0,0.007924,
1,2018,06,21,22,2,0,0,0.007924,
1,2018,06,21,22,3,0,0,0.007924,
1,2018,06,21,23,0,0,0,0.007924,
1,2018,06,21,23,1,0,0,0.007924,
1,2018,06,21,23,2,0,0,0.007924,
1,2018,06,21,23,3,0,0,0.007924,
1,2018,06,22,00,0,0,0,0.007924,
1,2018,06,22,00,1,0,0,0.007924,
1,2018,06,22,00,2,0,0,0.007924,
1,2018,06,22,00,3,0,0,0.007924,
1,2018,06,22,01,0,0,0,0.007924,
1,2018,06,22,01,1,0,0,0.007924,
1,2018,06,22,01,2,0,0,0.007924,
1,2018,06,22,01,3,0,0,0.007924,
1,2018,06,22,02,0,0,0,0.007924,
1,2018,06,22,02,1,0,0,0.007924,
1,2018,06,22,02,2,0,0,0.007924,
1,2018,06,22,02,3,0,0,0.007924,
1,2018,06,22,03,0,0,0,0.007924,
1,2018,06,22,03,1,0,0,0.007924,
1,2018,06,22,03,2,0,0,0.007924,
1,2018,06,22,03,3,0,0,0.007924,
1,2018,06,22,04,0,0,0,0.007924,
1,2018,06,22,04,1,0,0,0.007924,
1,2018,06,22,04,2,0,0,0.007924,
1,2018,06,22,04,3,0,0,0.007924,
1,2018,06,22,05,0,0,0,0.007924,
1,2018,06,22,05,1,0,0,0.007924,
1,2018,06,22,05,2,0,0,0.007924,
1,2018,06,22,05,3,0,0,0.007924,
1,2018,06,22,06,0,0,0,0.007924,
1,2018,06,22,06,1,0,0,0.007924,
1,2018,06,22,06,2,0,0,0.007924,
1,2018,06,22,06,3,0,0,0.007924,
1,2018,06,22,07,0,0,0,0.007924,
1,2018,06,22,07,1,0,0,0.007924,
1,2018,06,22,07,2,0,0,0.007924,
1,2018,06,22,07,3,0,0,0.007924,
1,2018,06,22,08,0,0,0,0.007924,
1,2018,06,22,08,1,0,0,0.007924,
1,2018,06,22,08,2,0,0,0.007924,
1,2018,06,22,08,3,0,0,0.007924,
1,2018,06,22,09,0,0,0,0.007924,
1,2018,06,22,09,1,0,0,0.007924,
1,2018,06,22,09,2,0,0,0.007924,
1,2018,06,22,09,3,0,0,0.007924,
1,2018,06,22,10,0,0,0,0.007924,
1,2018,06,22,10,1,0,0,0.007924,
1,2018,06,22,10,2,0,0,0.007924,
1,2018,06,22,10,3,0,0,0.007924,
1,2018,06,22,11,0,0,0,0.007924,
1,2018,06,22,11,1,0,0,0.007924,
1,2018,06,22,11,2,0,0,0.007924,
1,2018,06,22,11,3,0,0,0.007924,
1,2018,06,22,12,0,0,0,0.007924,
1,2018,06,22,12,1,0,0,0.007924,
1,2018,06,22,12,2,0,0,0.007924,
1,2018,06,22,12,3,0,0,0.007924,
1,2018,06,22,13,0,0,0,0.007924,
1,2018,06,22,13,1,0,0,0.007924,
1,2018,06,22,13,2,0,0,0.007924,
1,2018,06,22,13,3,0,0,0.007924,
1,2018,06,22,14,0,0,0,0.007924,
1,2018,06,22,14,1,0,0,0.007924,
1,2018,06,22,14,2,0,0,0.007924,
1,2018,06,22,14,3,0,0,0.007924,
1,2018,06,22,15,0,0,0,0.007924,
1,2018,06,22,15,1,0,0,0.007924,
1,2018,06,22,15,2,0,0,0.007924,
1,2018,06,22,15,3,0,0,0.007924,
1,2018,06,22,16,0,0,0,0.007924,
1,2018,06,22,16,1,0,0,0.007924,
1,2018,06,22,16,2,0,0,0.007924,
1,2018,06,22,16,3,0,0,0.007924,
1,2018,06,22,17,0,0,0,0.007924,
1,2018,06,22,17,1,0,0,0.007924,
1,2018,06,22,17,2,0,0,0.007924,
1,2018,06,22,17,3,0,0,0.007924,
1,2018,06,22,18,0,0,0,0.007924,
1,2018,06,22,18,1,0,0,0.007924,
1,2018,06,22,18,2,0,0,0.007924,
1,2018,06,22,18,3,0,0,0.007924,
1,2018,06,22,19,0,0,0,0.007924,
1,2018,06,22,19,1,0,0,0.007924,
1,2018,06,22,19,2,0,0,0.007924,
1,2018,06,22,19,3,0,0,0.007924,
1,2018,06,22,20,0,0,0,0.007924,
1,2018,06,22,20,1,0,0,0.007924,
1,2018,06,22,20,2,0,0,0.007924,
1,2018,06,22,20,3,0,0,0.007924,
1,2018,06,22,21,0,0,0,0.007924,
1,2018,06,22,21,1,0,0,0.007924,
1,2018,06,22,21,2,0,0,0.007924,
1,2018,06,22,21,3,0,0,0.007924,
1,2018,06,22,22,0,0,0,0.007924,
1,2018,06,22,22,1,0,0,0.007924,
1,2018,06,22,22,2,0,0,0.007924,
1,2018,06,22,22,3,0,0,0.007924,
1,2018,06,22,23,0,0,0,0.007924,
1,2018,06,22,23,1,0,0,0.007924,
1,2018,06,22,23,2,0,0,0.007924,
1,2018,06,22,23,3,0,0,0.007924,
1,2018,06,23,00,0,0,0,0.007924,
1,2018,06,23,00,1,0,0,0.007924,
1,2018,06,23,00,2,0,0,0.007924,
1,2018,06,23,00,3,0,0,0.007924,
1,2018,06,23,01,0,0,0,0.007924,
1,2018,06,23,01,1,0,0,0.007924,
1,2018,06,23,01,2,0,0,0.007924,
1,2018,06,23,01,3,0,0,0.007924,
1,2018,06,23,02,0,0,0,0.007924,
1,2018,06,23,02,1,0,0,0.007924,
1,2018,06,23,02,2,0,0,0.007924,
1,2018,06,23,02,3,0,0,0.007924,
1,2018,06,23,03,0,0,0,0.007924,
1,2018,06,23,03,1,0,0,0.007924,
1,2018,06,23,03,2,0,0,0.007924,
1,2018,06,23,03,3,0,0,0.007924,
1,2018,06,23,04,0,0,0,0.007924,
1,2018,06,23,04,1,0,0,0.007924,
1,2018,06,23,04,2,0,0,0.007924,
1,2018,06,23,04,3,0,0,0.007924,
1,2018,06,23,05,0,0,0,0.007924,
1,2018,06,23,05,1,0,0,0.007924,
1,2018,06,23,05,2,0,0,0.007924,
1,2018,06,23,05,3,0,0,0.007924,
1,2018,06,23,06,0,0,0,0.007924,
1,2018,06,23,06,1,0,0,0.007924,
1,2018,06,23,06,2,0,0,0.007924,
1,2018,06,23,06,3,0,0,0.007924,
1,2018,06,23,07,0,0,0,0.007924,
1,2018,06,23,07,1,0,0,0.007924,
1,2018,06,23,07,2,0,0,0.007924,
1,2018,06,23,07,3,0,0,0.007924,
1,2018,06,23,08,0,0,0,0.007924,
1,2018,06,23,08,1,0,0,0.007924,
1,2018,06,23,08,2,0,0,0.007924,
1,2018,06,23,08,3,0,0,0.007924,
1,2018,06,23,09,0,0,0,0.007924,
1,2018,06,23,09,1,0,0,0.007924,
1,2018,06,23,09,2,0,0,0.007924,
1,2018,06,23,09,3,0,0,0.007924,
1,2018,06,23,10,0,0,0,0.007924,
1,2018,06,23,10,1,0,0,0.007924,
1,2018,06,23,10,2,0,0,0.007924,
1,2018,06,23,10,3,0,0,0.007924,
1,2018,06,23,11,0,0,0,0.007924,
1,2018,06,23,11,1,0,0,0.007924,
1,2018,06,23,11,2,0,0,0.007924,
1,2018,06,23,11,3,0,0,0.007924,
1,2018,06,23,12,0,0,0,0.007924,
1,2018,06,23,12,1,0,0,0.007924,
1,2018,06,23,12,2,0,0,0.007924,
1,2018,06,23,12,3,0,0,0.007924,
1,2018,06,23,13,0,0,0,0.007924,
1,2018,06,23,13,1,0,0,0.007924,
1,2018,06,23,13,2,0,0,0.007924,
1,2018,06,23,13,3,0,0,0.007924,
1,2018,06,23,14,0,0,0,0.007924,
1,2018,06,23,14,1,0,0,0.007924,
1,2018,06,23,14,2,0,0,0.007924,
1,2018,06,23,14,3,0,0,0.007924,
1,2018,06,23,15,0,0,0,0.007924,
1,2018,06,23,15,1,0,0,0.007924,
1,2018,06,23,15,2,0,0,0.007924,
1,2018,06,23,15,3,0,0,0.007924,
1,2018,06,23,16,0,0,0,0.007924,
1,2018,06,23,16,1,0,0,0.007924,
1,2018,06,23,16,2,0,0,0.007924,
1,2018,06,23,16,3,0,0,0.007924,
1,2018,06,23,17,0,0,0,0.007924,
1,2018,06,23,17,1,0,0,0.007924,
1,2018,06,23,17,2,0,0,0.007924,
1,2018,06,23,17,3,0,0,0.007924,
1,2018,06,23,18,0,0,0,0.007924,
1,2018,06,23,18,1,0,0,0.007924,
1,2018,06,23,18,2,0,0,0.007924,
1,2018,06,23,18,3,0,0,0.007924,
1,2018,06,23,19,0,0,0,0.007924,
1,2018,06,23,19,1,0,0,0.007924,
1,2018,06,23,19,2,0,0,0.007924,
1,2018,06,23,19,3,0,0,0.007924,
1,2018,06,23,20,0,0,0,0.007924,
1,2018,06,23,20,1,0,0,0.007924,
1,2018,06,23,20,2,0,0,0.007924,
1,2018,06,23,20,3,0,0,0.007924,
1,2018,06,23,21,0,0,0,0.007924,
1,2018,06,23,21,1,0,0,0.007924,
1,2018,06,23,21,2,0,0,0.007924,
1,2018,06,23,21,3,0,0,0.007924,
1,2018,06,23,22,0,0,0,0.007924,
1,2018,06,23,22,1,0,0,0.007924,
1,2018,06,23,22,2,0,0,0.007924,
1,2018,06,23,22,3,0,0,0.007924,
1,2018,06,23,23,0,0,0,0.007924,
1,2018,06,23,23,1,0,0,0.007924,
1,2018,06,23,23,2,0,0,0.007924,
1,2018,06,23,23,3,0,0,0.007924,
1,2018,06,24,00,0,0,0,0.007924,
1,2018,06,24,00,1,0,0,0.007924,
1,2018,06,24,00,2,0,0,0.007924,
1,2018,06,24,00,3,0,0,0.007924,
1,2018,06,24,01,0,0,0,0.007924,
1,2018,06,24,01,1,0,0,0.007924,
1,2018,06,24,01,2,0,0,0.007924,
1,2018,06,24,01,3,0,0,0.007924,
1,2018,06,24,02,0,0,0,0.007924,
1,2018,06,24,02,1,0,0,0.007924,
1,2018,06,24,02,2,0,0,0.007924,
1,2018,06,24,02,3,0,0,0.007924,
1,2018,06,24,03,0,0,0,0.007924,
1,2018,06,24,03,1,0,0,0.007924,
1,2018,06,24,03,2,0,0,0.007924,
1,2018,06,24,03,3,0,0,0.007924,
1,2018,06,24,04,0,0,0,0.007924,
1,2018,06,24,04,1,0,0,0.007924,
1,2018,06,24,04,2,0,0,0.007924,
1,2018,06,24,04,3,0,0,0.007924,
1,2018,06,24,05,0,0,0,0.007924,
1,2018,06,24,05,1,0,0,0.007924,
1,2018,06,24,05,2,0,0,0.007924,
1,2018,06,24,05,3,0,0,0.007924,
1,2018,06,24,06,0,0,0,0.007924,
1,2018,06,24,06,1,0,0,0.007924,
1,2018,06,24,06,2,0,0,0.007924,
1,2018,06,24,06,3,0,0,0.007924,
1,2018,06,24,07,0,0,0,0.007924,
1,2018,06,24,07,1,0,0,0.007924,
1,2018,06,24,07,2,0,0,0.007924,
1,2018,06,24,07,3,0,0,0.007924,
1,2018,06,24,08,0,0,0,0.007924,
1,2018,06,24,08,1,0,0,0.007924,
1,2018,06,24,08,2,0,0,0.007924,
1,2018,06,24,08,3,0,0,0.007924,
1,2018,06,24,09,0,0,0,0.007924,
1,2018,06,24,09,1,0,0,0.007924,
1,2018,06,24,09,2,0,0,0.007924,
1,2018,06,24,09,3,0,0,0.007924,
1,2018,06,24,10,0,0,0,0.007924,
1,2018,06,24,10,1,0,0,0.007924,
1,2018,06,24,10,2,0,0,0.007924,
1,2018,06,24,10,3,0,0,0.007924,
1,2018,06,24,11,0,0,0,0.007924,
1,2018,06,24,11,1,0,0,0.007924,
1,2018,06,24,11,2,0,0,0.007924,
1,2018,06,24,11,3,0,0,0.007924,
1,2018,06,24,12,0,0,0,0.007924,
1,2018,06,24,12,1,0,0,0.007924,
1,2018,06,24,12,2,0,0,0.007924,
1,2018,06,24,12,3,0,0,0.007924,
1,2018,06,24,13,0,0,0,0.007924,
1,2018,06,24,13,1,0,0,0.007924,
1,2018,06,24,13,2,0,0,0.007924,
1,2018,06,24,13,3,0,0,0.007924,
1,2018,06,24,14,0,0,0,0.007924,
1,2018,06,24,14,1,0,0,0.007924,
1,2018,06,24,14,2,0,0,0.007924,
1,2018,06,24,14,3,0,0,0.007924,
1,2018,06,24,15,0,0,0,0.007924,
1,2018,06,24,15,1,0,0,0.007924,
1,2018,06,24,15,2,0,0,0.007924,
1,2018,06,24,15,3,0,0,0.007924,
1,2018,06,24,16,0,0,0,0.007924,
1,2018,06,24,16,1,0,0,0.007924,
1,2018,06,24,16,2,0,0,0.007924,
1,2018,06,24,16,3,0,0,0.007924,
1,2018,06,24,17,0,0,0,0.007924,
1,2018,06,24,17,1,0,0,0.007924,
1,2018,06,24,17,2,0,0,0.007924,
1,2018,06,24,17,3,0,0,0.007924,
1,2018,06,24,18,0,0,0,0.007924,
1,2018,06,24,18,1,0,0,0.007924,
1,2018,06,24,18,2,0,0,0.007924,
1,2018,06,24,18,3,0,0,0.007924,
1,2018,06,24,19,0,0,0,0.007924,
1,2018,06,24,19,1,0,0,0.007924,
1,2018,06,24,19,2,0,0,0.007924,
1,2018,06,24,19,3,0,0,0.007924,
1,2018,06,24,20,0,0,0,0.007924,
1,2018,06,24,20,1,0,0,0.007924,
1,2018,06,24,20,2,0,0,0.007924,
1,2018,06,24,20,3,0,0,0.007924,
1,2018,06,24,21,0,0,0,0.007924,
1,2018,06,24,21,1,0,0,0.007924,
1,2018,06,24,21,2,0,0,0.007924,
1,2018,06,24,21,3,0,0,0.007924,
1,2018,06,24,22,0,0,0,0.007924,
1,2018,06,24,22,1,0,0,0.007924,
1,2018,06,24,22,2,0,0,0.007924,
1,2018,06,24,22,3,0,0,0.007924,
1,2018,06,24,23,0,0,0,0.007924,
1,2018,06,24,23,1,0,0,0.007924,
1,2018,06,24,23,2,0,0,0.007924,
1,2018,06,24,23,3,0,0,0.007924,
1,2018,06,25,00,0,0,0,0.007924,
1,2018,06,25,00,1,0,0,0.007924,
1,2018,06,25,00,2,0,0,0.007924,
1,2018,06,25,00,3,0,0,0.007924,
1,2018,06,25,01,0,0,0,0.007924,
1,2018,06,25,01,1,0,0,0.007924,
1,2018,06,25,01,2,0,0,0.007924,
1,2018,06,25,01,3,0,0,0.007924,
1,2018,06,25,02,0,0,0,0.007924,
1,2018,06,25,02,1,0,0,0.007924,
1,2018,06,25,02,2,0,0,0.007924,
1,2018,06,25,02,3,0,0,0.007924,
1,2018,06,25,03,0,0,0,0.007924,
1,2018,06,25,03,1,0,0,0.007924,
1,2018,06,25,03,2,0,0,0.007924,
1,2018,06,25,03,3,0,0,0.007924,
1,2018,06,25,04,0,0,0,0.007924,
1,2018,06,25,04,1,0,0,0.007924,
1,2018,06,25,04,2,0,0,0.007924,
1,2018,06,25,04,3,0,0,0.007924,
1,2018,06,25,05,0,0,0,0.007924,
1,2018,06,25,05,1,0,0,0.007924,
1,2018,06,25,05,2,0,0,0.007924,
1,2018,06,25,05,3,0,0,0.007924,
1,2018,06,25,06,0,0,0,0.007924,
1,2018,06,25,06,1,0,0,0.007924,
1,2018,06,25,06,2,0,0,0.007924,
1,2018,06,25,06,3,0,0,0.007924,
1,2018,06,25,07,0,0,0,0.007924,
1,2018,06,25,07,1,0,0,0.007924,
1,2018,06,25,07,2,0,0,0.007924,
1,2018,06,25,07,3,0,0,0.007924,
1,2018,06,25,08,0,0,0,0.007924,
1,2018,06,25,08,1,0,0,0.007924,
1,2018,06,25,08,2,0,0,0.007924,
1,2018,06,25,08,3,0,0,0.007924,
1,2018,06,25,09,0,0,0,0.007924,
1,2018,06,25,09,1,0,0,0.007924,
1,2018,06,25,09,2,0,0,0.007924,
1,2018,06,25,09,3,0,0,0.007924,
1,2018,06,25,10,0,0,0,0.007924,
1,2018,06,25,10,1,0,0,0.007924,
1,2018,06,25,10,2,0,0,0.007924,
1,2018,06,25,10,3,0,0,0.007924,
1,2018,06,25,11,0,0,0,0.007924,
1,2018,06,25,11,1,0,0,0.007924,
1,2018,06,25,11,2,0,0,0.007924,
1,2018,06,25,11,3,0,0,0.007924,
1,2018,06,25,12,0,0,0,0.007924,
1,2018,06,25,12,1,0,0,0.007924,
1,2018,06,25,12,2,0,0,0.007924,
1,2018,06,25,12,3,0,0,0.007924,
1,2018,06,25,13,0,0,0,0.007924,
1,2018,06,25,13,1,0,0,0.007924,
1,2018,06,25,13,2,0,0,0.007924,
1,2018,06,25,13,3,0,0,0.007924,
1,2018,06,25,14,0,0,0,0.007924,
1,2018,06,25,14,1,0,0,0.007924,
1,2018,06,25,14,2,0,0,0.007924,
1,2018,06,25,14,3,0,0,0.007924,
1,2018,06,25,15,0,0,0,0.007924,
1,2018,06,25,15,1,0,0,0.007924,
1,2018,06,25,15,2,0,0,0.007924,
1,2018,06,25,15,3,0,0,0.007924,
1,2018,06,25,16,0,0,0,0.007924,
1,2018,06,25,16,1,0,0,0.007924,
1,2018,06,25,16,2,0,0,0.007924,
1,2018,06,25,16,3,0,0,0.007924,
1,2018,06,25,17,0,0,0,0.007924,
1,2018,06,25,17,1,0,0,0.007924,
1,2018,06,25,17,2,0,0,0.007924,
1,2018,06,25,17,3,0,0,0.007924,
1,2018,06,25,18,0,0,0,0.007924,
1,2018,06,25,18,1,0,0,0.007924,
1,2018,06,25,18,2,0,0,0.007924,
1,2018,06,25,18,3,0,0,0.007924,
1,2018,06,25,19,0,0,0,0.007924,
1,2018,06,25,19,1,0,0,0.007924,
1,2018,06,25,19,2,0,0,0.007924,
1,2018,06,25,19,3,0,0,0.007924,
1,2018,06,25,20,0,0,0,0.007924,
1,2018,06,25,20,1,0,0,0.007924,
1,2018,06,25,20,2,0,0,0.007924,
1,2018,06,25,20,3,0,0,0.007924,
1,2018,06,25,21,0,0,0,0.007924,
1,2018,06,25,21,1,0,0,0.007924,
1,2018,06,25,21,2,0,0,0.007924,
1,2018,06,25,21,3,0,0,0.007924,
1,2018,06,25,22,0,0,0,0.007924,
1,2018,06,25,22,1,0,0,0.007924,
1,2018,06,25,22,2,0,0,0.007924,
1,2018,06,25,22,3,0,0,0.007924,
1,2018,06,25,23,0,0,0,0.007924,
1,2018,06,25,23,1,0,0,0.007924,
1,2018,06,25,23,2,0,0,0.007924,
1,2018,06,25,23,3,0,0,0.007924,
1,2018,06,26,00,0,0,0,0.007924,
1,2018,06,26,00,1,0,0,0.007924,
1,2018,06,26,00,2,0,0,0.007924,
1,2018,06,26,00,3,0,0,0.007924,
1,2018,06,26,01,0,0,0,0.007924,
1,2018,06,26,01,1,0,0,0.007924,
1,2018,06,26,01,2,0,0,0.007924,
1,2018,06,26,01,3,0,0,0.007924,
1,2018,06,26,02,0,0,0,0.007924,
1,2018,06,26,02,1,0,0,0.007924,
1,2018,06,26,02,2,0,0,0.007924,
1,2018,06,26,02,3,0,0,0.007924,
1,2018,06,26,03,0,0,0,0.007924,
1,2018,06,26,03,1,0,0,0.007924,
1,2018,06,26,03,2,0,0,0.007924,
1,2018,06,26,03,3,0,0,0.007924,
1,2018,06,26,04,0,0,0,0.007924,
1,2018,06,26,04,1,0,0,0.007924,
1,2018,06,26,04,2,0,0,0.007924,
1,2018,06,26,04,3,0,0,0.007924,
1,2018,06,26,05,0,0,0,0.007924,
1,2018,06,26,05,1,0,0,0.007924,
1,2018,06,26,05,2,0,0,0.007924,
1,2018,06,26,05,3,0,0,0.007924,
1,2018,06,26,06,0,0,0,0.007924,
1,2018,06,26,06,1,0,0,0.007924,
1,2018,06,26,06,2,0,0,0.007924,
1,2018,06,26,06,3,0,0,0.007924,
1,2018,06,26,07,0,0,0,0.007924,
1,2018,06,26,07,1,0,0,0.007924,
1,2018,06,26,07,2,0,0,0.007924,
1,2018,06,26,07,3,0,0,0.007924,
1,2018,06,26,08,0,0,0,0.007924,
1,2018,06,26,08,1,0,0,0.007924,
1,2018,06,26,08,2,0,0,0.007924,
1,2018,06,26,08,3,0,0,0.007924,
1,2018,06,26,09,0,0,0,0.007924,
1,2018,06,26,09,1,0,0,0.007924,
1,2018,06,26,09,2,0,0,0.007924,
1,2018,06,26,09,3,0,0,0.007924,
1,2018,06,26,10,0,0,0,0.007924,
1,2018,06,26,10,1,0,0,0.007924,
1,2018,06,26,10,2,0,0,0.007924,
1,2018,06,26,10,3,0,0,0.007924,
1,2018,06,26,11,0,0,0,0.007924,
1,2018,06,26,11,1,0,0,0.007924,
1,2018,06,26,11,2,0,0,0.007924,
1,2018,06,26,11,3,0,0,0.007924,
1,2018,06,26,12,0,0,0,0.007924,
1,2018,06,26,12,1,0,0,0.007924,
1,2018,06,26,12,2,0,0,0.007924,
1,2018,06,26,12,3,0,0,0.007924,
1,2018,06,26,13,0,0,0,0.007924,
1,2018,06,26,13,1,0,0,0.007924,
1,2018,06,26,13,2,0,0,0.007924,
1,2018,06,26,13,3,0,0,0.007924,
1,2018,06,26,14,0,0,0,0.007924,
1,2018,06,26,14,1,0,0,0.007924,
1,2018,06,26,14,2,0,0,0.007924,
1,2018,06,26,14,3,0,0,0.007924,
1,2018,06,26,15,0,0,0,0.007924,
1,2018,06,26,15,1,0,0,0.007924,
1,2018,06,26,15,2,0,0,0.007924,
1,2018,06,26,15,3,0,0,0.007924,
1,2018,06,26,16,0,0,0,0.007924,
1,2018,06,26,16,1,0,0,0.007924,
1,2018,06,26,16,2,0,0,0.007924,
1,2018,06,26,16,3,0,0,0.007924,
1,2018,06,26,17,0,0,0,0.007924,
1,2018,06,26,17,1,0,0,0.007924,
1,2018,06,26,17,2,0,0,0.007924,
1,2018,06,26,17,3,0,0,0.007924,
1,2018,06,26,18,0,0,0,0.007924,
1,2018,06,26,18,1,0,0,0.007924,
1,2018,06,26,18,2,0,0,0.007924,
1,2018,06,26,18,3,0,0,0.007924,
1,2018,06,26,19,0,0,0,0.007924,
1,2018,06,26,19,1,0,0,0.007924,
1,2018,06,26,19,2,0,0,0.007924,
1,2018,06,26,19,3,0,0,0.007924,
1,2018,06,26,20,0,0,0,0.007924,
1,2018,06,26,20,1,0,0,0.007924,
1,2018,06,26,20,2,0,0,0.007924,
1,2018,06,26,20,3,0,0,0.007924,
1,2018,06,26,21,0,0,0,0.007924,
1,2018,06,26,21,1,0,0,0.007924,
1,2018,06,26,21,2,0,0,0.007924,
1,2018,06,26,21,3,0,0,0.007924,
1,2018,06,26,22,0,0,0,0.007924,
1,2018,06,26,22,1,0,0,0.007924,
1,2018,06,26,22,2,0,0,0.007924,
1,2018,06,26,22,3,0,0,0.007924,
1,2018,06,26,23,0,0,0,0.007924,
1,2018,06,26,23,1,0,0,0.007924,
1,2018,06,26,23,2,0,0,0.007924,
1,2018,06,26,23,3,0,0,0.007924,
1,2018,06,27,00,0,0,0,0.007924,
1,2018,06,27,00,1,0,0,0.007924,
1,2018,06,27,00,2,0,0,0.007924,
1,2018,06,27,00,3,0,0,0.007924,
1,2018,06,27,01,0,0,0,0.007924,
1,2018,06,27,01,1,0,0,0.007924,
1,2018,06,27,01,2,0,0,0.007924,
1,2018,06,27,01,3,0,0,0.007924,
1,2018,06,27,02,0,0,0,0.007924,
1,2018,06,27,02,1,0,0,0.007924,
1,2018,06,27,02,2,0,0,0.007924,
1,2018,06,27,02,3,0,0,0.007924,
1,2018,06,27,03,0,0,0,0.007924,
1,2018,06,27,03,1,0,0,0.007924,
1,2018,06,27,03,2,0,0,0.007924,
1,2018,06,27,03,3,0,0,0.007924,
1,2018,06,27,04,0,0,0,0.007924,
1,2018,06,27,04,1,0,0,0.007924,
1,2018,06,27,04,2,0,0,0.007924,
1,2018,06,27,04,3,0,0,0.007924,
1,2018,06,27,05,0,0,0,0.007924,
1,2018,06,27,05,1,0,0,0.007924,
1,2018,06,27,05,2,0,0,0.007924,
1,2018,06,27,05,3,0,0,0.007924,
1,2018,06,27,06,0,0,0,0.007924,
1,2018,06,27,06,1,0,0,0.007924,
1,2018,06,27,06,2,0,0,0.007924,
1,2018,06,27,06,3,0,0,0.007924,
1,2018,06,27,07,0,0,0,0.007924,
1,2018,06,27,07,1,0,0,0.007924,
1,2018,06,27,07,2,0,0,0.007924,
1,2018,06,27,07,3,0,0,0.007924,
1,2018,06,27,08,0,0,0,0.007924,
1,2018,06,27,08,1,0,0,0.007924,
1,2018,06,27,08,2,0,0,0.007924,
1,2018,06,27,08,3,0,0,0.007924,
1,2018,06,27,09,0,0,0,0.007924,
1,2018,06,27,09,1,0,0,0.007924,
1,2018,06,27,09,2,0,0,0.007924,
1,2018,06,27,09,3,0,0,0.007924,
1,2018,06,27,10,0,0,0,0.007924,
1,2018,06,27,10,1,0,0,0.007924,
1,2018,06,27,10,2,0,0,0.007924,
1,2018,06,27,10,3,0,0,0.007924,
1,2018,06,27,11,0,0,0,0.007924,
1,2018,06,27,11,1,0,0,0.007924,
1,2018,06,27,11,2,0,0,0.007924,
1,2018,06,27,11,3,0,0,0.007924,
1,2018,06,27,12,0,0,0,0.007924,
1,2018,06,27,12,1,0,0,0.007924,
1,2018,06,27,12,2,0,0,0.007924,
1,2018,06,27,12,3,0,0,0.007924,
1,2018,06,27,13,0,0,0,0.007924,
1,2018,06,27,13,1,0,0,0.007924,
1,2018,06,27,13,2,0,0,0.007924,
1,2018,06,27,13,3,0,0,0.007924,
1,2018,06,27,14,0,0,0,0.007924,
1,2018,06,27,14,1,0,0,0.007924,
1,2018,06,27,14,2,0,0,0.007924,
1,2018,06,27,14,3,0,0,0.007924,
1,2018,06,27,15,0,0,0,0.007924,
1,2018,06,27,15,1,0,0,0.007924,
1,2018,06,27,15,2,0,0,0.007924,
1,2018,06,27,15,3,0,0,0.007924,
1,2018,06,27,16,0,0,0,0.007924,
1,2018,06,27,16,1,0,0,0.007924,
1,2018,06,27,16,2,0,0,0.007924,
1,2018,06,27,16,3,0,0,0.007924,
1,2018,06,27,17,0,0,0,0.007924,
1,2018,06,27,17,1,0,0,0.007924,
1,2018,06,27,17,2,0,0,0.007924,
1,2018,06,27,17,3,0,0,0.007924,
1,2018,06,27,18,0,0,0,0.007924,
1,2018,06,27,18,1,0,0,0.007924,
1,2018,06,27,18,2,0,0,0.007924,
1,2018,06,27,18,3,0,0,0.007924,
1,2018,06,27,19,0,0,0,0.007924,
1,2018,06,27,19,1,0,0,0.007924,
1,2018,06,27,19,2,0,0,0.007924,
1,2018,06,27,19,3,0,0,0.007924,
1,2018,06,27,20,0,0,0,0.007924,
1,2018,06,27,20,1,0,0,0.007924,
1,2018,06,27,20,2,0,0,0.007924,
1,2018,06,27,20,3,0,0,0.007924,
1,2018,06,27,21,0,0,0,0.007924,
1,2018,06,27,21,1,0,0,0.007924,
1,2018,06,27,21,2,0,0,0.007924,
1,2018,06,27,21,3,0,0,0.007924,
1,2018,06,27,22,0,0,0,0.007924,
1,2018,06,27,22,1,0,0,0.007924,
1,2018,06,27,22,2,0,0,0.007924,
1,2018,06,27,22,3,0,0,0.007924,
1,2018,06,27,23,0,0,0,0.007924,
1,2018,06,27,23,1,0,0,0.007924,
1,2018,06,27,23,2,0,0,0.007924,
1,2018,06,27,23,3,0,0,0.007924,
1,2018,06,28,00,0,0,0,0.007924,
1,2018,06,28,00,1,0,0,0.007924,
1,2018,06,28,00,2,0,0,0.007924,
1,2018,06,28,00,3,0,0,0.007924,
1,2018,06,28,01,0,0,0,0.007924,
1,2018,06,28,01,1,0,0,0.007924,
1,2018,06,28,01,2,0,0,0.007924,
1,2018,06,28,01,3,0,0,0.007924,
1,2018,06,28,02,0,0,0,0.007924,
1,2018,06,28,02,1,0,0,0.007924,
1,2018,06,28,02,2,0,0,0.007924,
1,2018,06,28,02,3,0,0,0.007924,
1,2018,06,28,03,0,0,0,0.007924,
1,2018,06,28,03,1,0,0,0.007924,
1,2018,06,28,03,2,0,0,0.007924,
1,2018,06,28,03,3,0,0,0.007924,
1,2018,06,28,04,0,0,0,0.007924,
1,2018,06,28,04,1,0,0,0.007924,
1,2018,06,28,04,2,0,0,0.007924,
1,2018,06,28,04,3,0,0,0.007924,
1,2018,06,28,05,0,0,0,0.007924,
1,2018,06,28,05,1,0,0,0.007924,
1,2018,06,28,05,2,0,0,0.007924,
1,2018,06,28,05,3,0,0,0.007924,
1,2018,06,28,06,0,0,0,0.007924,
1,2018,06,28,06,1,0,0,0.007924,
1,2018,06,28,06,2,0,0,0.007924,
1,2018,06,28,06,3,0,0,0.007924,
1,2018,06,28,07,0,0,0,0.007924,
1,2018,06,28,07,1,0,0,0.007924,
1,2018,06,28,07,2,0,0,0.007924,
1,2018,06,28,07,3,0,0,0.007924,
1,2018,06,28,08,0,0,0,0.007924,
1,2018,06,28,08,1,0,0,0.007924,
1,2018,06,28,08,2,0,0,0.007924,
1,2018,06,28,08,3,0,0,0.007924,
1,2018,06,28,09,0,0,0,0.007924,
1,2018,06,28,09,1,0,0,0.007924,
1,2018,06,28,09,2,0,0,0.007924,
1,2018,06,28,09,3,0,0,0.007924,
1,2018,06,28,10,0,0,0,0.007924,
1,2018,06,28,10,1,0,0,0.007924,
1,2018,06,28,10,2,0,0,0.007924,
1,2018,06,28,10,3,0,0,0.007924,
1,2018,06,28,11,0,0,0,0.007924,
1,2018,06,28,11,1,0,0,0.007924,
1,2018,06,28,11,2,0,0,0.007924,
1,2018,06,28,11,3,0,0,0.007924,
1,2018,06,28,12,0,0,0,0.007924,
1,2018,06,28,12,1,0,0,0.007924,
1,2018,06,28,12,2,0,0,0.007924,
1,2018,06,28,12,3,0,0,0.007924,
1,2018,06,28,13,0,0,0,0.007924,
1,2018,06,28,13,1,0,0,0.007924,
1,2018,06,28,13,2,0,0,0.007924,
1,2018,06,28,13,3,0,0,0.007924,
1,2018,06,28,14,0,0,0,0.007924,
1,2018,06,28,14,1,0,0,0.007924,
1,2018,06,28,14,2,0,0,0.007924,
1,2018,06,28,14,3,0,0,0.007924,
1,2018,06,28,15,0,0,0,0.007924,
1,2018,06,28,15,1,0,0,0.007924,
1,2018,06,28,15,2,0,0,0.007924,
1,2018,06,28,15,3,0,0,0.007924,
1,2018,06,28,16,0,0,0,0.007924,
1,2018,06,28,16,1,0,0,0.007924,
1,2018,06,28,16,2,0,0,0.007924,
1,2018,06,28,16,3,0,0,0.007924,
1,2018,06,28,17,0,0,0,0.007924,
1,2018,06,28,17,1,0,0,0.007924,
1,2018,06,28,17,2,0,0,0.007924,
1,2018,06,28,17,3,0,0,0.007924,
1,2018,06,28,18,0,0,0,0.007924,
1,2018,06,28,18,1,0,0,0.007924,
1,2018,06,28,18,2,0,0,0.007924,
1,2018,06,28,18,3,0,0,0.007924,
1,2018,06,28,19,0,0,0,0.007924,
1,2018,06,28,19,1,0,0,0.007924,
1,2018,06,28,19,2,0,0,0.007924,
1,2018,06,28,19,3,0,0,0.007924,
1,2018,06,28,20,0,0,0,0.007924,
1,2018,06,28,20,1,0,0,0.007924,
1,2018,06,28,20,2,0,0,0.007924,
1,2018,06,28,20,3,0,0,0.007924,
1,2018,06,28,21,0,0,0,0.007924,
1,2018,06,28,21,1,0,0,0.007924,
1,2018,06,28,21,2,0,0,0.007924,
1,2018,06,28,21,3,0,0,0.007924,
1,2018,06,28,22,0,0,0,0.007924,
1,2018,06,28,22,1,0,0,0.007924,
1,2018,06,28,22,2,0,0,0.007924,
1,2018,06,28,22,3,0,0,0.007924,
1,2018,06,28,23,0,0,0,0.007924,
1,2018,06,28,23,1,0,0,0.007924,
1,2018,06,28,23,2,0,0,0.007924,
1,2018,06,28,23,3,0,0,0.007924,
1,2018,06,29,00,0,0,0,0.007924,
1,2018,06,29,00,1,0,0,0.007924,
1,2018,06,29,00,2,0,0,0.007924,
1,2018,06,29,00,3,0,0,0.007924,
1,2018,06,29,01,0,0,0,0.007924,
1,2018,06,29,01,1,0,0,0.007924,
1,2018,06,29,01,2,0,0,0.007924,
1,2018,06,29,01,3,0,0,0.007924,
1,2018,06,29,02,0,0,0,0.007924,
1,2018,06,29,02,1,0,0,0.007924,
1,2018,06,29,02,2,0,0,0.007924,
1,2018,06,29,02,3,0,0,0.007924,
1,2018,06,29,03,0,0,0,0.007924,
1,2018,06,29,03,1,0,0,0.007924,
1,2018,06,29,03,2,0,0,0.007924,
1,2018,06,29,03,3,0,0,0.007924,
1,2018,06,29,04,0,0,0,0.007924,
1,2018,06,29,04,1,0,0,0.007924,
1,2018,06,29,04,2,0,0,0.007924,
1,2018,06,29,04,3,0,0,0.007924,
1,2018,06,29,05,0,0,0,0.007924,
1,2018,06,29,05,1,0,0,0.007924,
1,2018,06,29,05,2,0,0,0.007924,
1,2018,06,29,05,3,0,0,0.007924,
1,2018,06,29,06,0,0,0,0.007924,
1,2018,06,29,06,1,0,0,0.007924,
1,2018,06,29,06,2,0,0,0.007924,
1,2018,06,29,06,3,0,0,0.007924,
1,2018,06,29,07,0,0,0,0.007924,
1,2018,06,29,07,1,0,0,0.007924,
1,2018,06,29,07,2,0,0,0.007924,
1,2018,06,29,07,3,0,0,0.007924,
1,2018,06,29,08,0,0,0,0.007924,
1,2018,06,29,08,1,0,0,0.007924,
1,2018,06,29,08,2,0,0,0.007924,
1,2018,06,29,08,3,0,0,0.007924,
1,2018,06,29,09,0,0,0,0.007924,
1,2018,06,29,09,1,0,0,0.007924,
1,2018,06,29,09,2,0,0,0.007924,
1,2018,06,29,09,3,0,0,0.007924,
1,2018,06,29,10,0,0,0,0.007924,
1,2018,06,29,10,1,0,0,0.007924,
1,2018,06,29,10,2,0,0,0.007924,
1,2018,06,29,10,3,0,0,0.007924,
1,2018,06,29,11,0,0,0,0.007924,
1,2018,06,29,11,1,0,0,0.007924,
1,2018,06,29,11,2,0,0,0.007924,
1,2018,06,29,11,3,0,0,0.007924,
1,2018,06,29,12,0,0,0,0.007924,
1,2018,06,29,12,1,0,0,0.007924,
1,2018,06,29,12,2,0,0,0.007924,
1,2018,06,29,12,3,0,0,0.007924,
1,2018,06,29,13,0,0,0,0.007924,
1,2018,06,29,13,1,0,0,0.007924,
1,2018,06,29,13,2,0,0,0.007924,
1,2018,06,29,13,3,0,0,0.007924,
1,2018,06,29,14,0,0,0,0.007924,
1,2018,06,29,14,1,0,0,0.007924,
1,2018,06,29,14,2,0,0,0.007924,
1,2018,06,29,14,3,0,0,0.007924,
1,2018,06,29,15,0,0,0,0.007924,
1,2018,06,29,15,1,0,0,0.007924,
1,2018,06,29,15,2,0,0,0.007924,
1,2018,06,29,15,3,0,0,0.007924,
1,2018,06,29,16,0,0,0,0.007924,
1,2018,06,29,16,1,0,0,0.007924,
1,2018,06,29,16,2,0,0,0.007924,
1,2018,06,29,16,3,0,0,0.007924,
1,2018,06,29,17,0,0,0,0.007924,
1,2018,06,29,17,1,0,0,0.007924,
1,2018,06,29,17,2,0,0,0.007924,
1,2018,06,29,17,3,0,0,0.007924,
1,2018,06,29,18,0,0,0,0.007924,
1,2018,06,29,18,1,0,0,0.007924,
1,2018,06,29,18,2,0,0,0.007924,
1,2018,06,29,18,3,0,0,0.007924,
1,2018,06,29,19,0,0,0,0.007924,
1,2018,06,29,19,1,0,0,0.007924,
1,2018,06,29,19,2,0,0,0.007924,
1,2018,06,29,19,3,0,0,0.007924,
1,2018,06,29,20,0,0,0,0.007924,
1,2018,06,29,20,1,0,0,0.007924,
1,2018,06,29,20,2,0,0,0.007924,
1,2018,06,29,20,3,0,0,0.007924,
1,2018,06,29,21,0,0,0,0.007924,
1,2018,06,29,21,1,0,0,0.007924,
1,2018,06,29,21,2,0,0,0.007924,
1,2018,06,29,21,3,0,0,0.007924,
1,2018,06,29,22,0,0,0,0.007924,
1,2018,06,29,22,1,0,0,0.007924,
1,2018,06,29,22,2,0,0,0.007924,
1,2018,06,29,22,3,0,0,0.007924,
1,2018,06,29,23,0,0,0,0.007924,
1,2018,06,29,23,1,0,0,0.007924,
1,2018,06,29,23,2,0,0,0.007924,
1,2018,06,29,23,3,0,0,0.007924,
1,2018,06,30,00,0,0,0,0.007924,
1,2018,06,30,00,1,0,0,0.007924,
1,2018,06,30,00,2,0,0,0.007924,
1,2018,06,30,00,3,0,0,0.007924,
1,2018,06,30,01,0,0,0,0.007924,
1,2018,06,30,01,1,0,0,0.007924,
1,2018,06,30,01,2,0,0,0.007924,
1,2018,06,30,01,3,0,0,0.007924,
1,2018,06,30,02,0,0,0,0.007924,
1,2018,06,30,02,1,0,0,0.007924,
1,2018,06,30,02,2,0,0,0.007924,
1,2018,06,30,02,3,0,0,0.007924,
1,2018,06,30,03,0,0,0,0.007924,
1,2018,06,30,03,1,0,0,0.007924,
1,2018,06,30,03,2,0,0,0.007924,
1,2018,06,30,03,3,0,0,0.007924,
1,2018,06,30,04,0,0,0,0.007924,
1,2018,06,30,04,1,0,0,0.007924,
1,2018,06,30,04,2,0,0,0.007924,
1,2018,06,30,04,3,0,0,0.007924,
1,2018,06,30,05,0,0,0,0.007924,
1,2018,06,30,05,1,0,0,0.007924,
1,2018,06,30,05,2,0,0,0.007924,
1,2018,06,30,05,3,0,0,0.007924,
1,2018,06,30,06,0,0,0,0.007924,
1,2018,06,30,06,1,0,0,0.007924,
1,2018,06,30,06,2,0,0,0.007924,
1,2018,06,30,06,3,0,0,0.007924,
1,2018,06,30,07,0,0,0,0.007924,
1,2018,06,30,07,1,0,0,0.007924,
1,2018,06,30,07,2,0,0,0.007924,
1,2018,06,30,07,3,0,0,0.007924,
1,2018,06,30,08,0,0,0,0.007924,
1,2018,06,30,08,1,0,0,0.007924,
1,2018,06,30,08,2,0,0,0.007924,
1,2018,06,30,08,3,0,0,0.007924,
1,2018,06,30,09,0,0,0,0.007924,
1,2018,06,30,09,1,0,0,0.007924,
1,2018,06,30,09,2,0,0,0.007924,
1,2018,06,30,09,3,0,0,0.007924,
1,2018,06,30,10,0,0,0,0.007924,
1,2018,06,30,10,1,0,0,0.007924,
1,2018,06,30,10,2,0,0,0.007924,
1,2018,06,30,10,3,0,0,0.007924,
1,2018,06,30,11,0,0,0,0.007924,
1,2018,06,30,11,1,0,0,0.007924,
1,2018,06,30,11,2,0,0,0.007924,
1,2018,06,30,11,3,0,0,0.007924,
1,2018,06,30,12,0,0,0,0.007924,
1,2018,06,30,12,1,0,0,0.007924,
1,2018,06,30,12,2,0,0,0.007924,
1,2018,06,30,12,3,0,0,0.007924,
1,2018,06,30,13,0,0,0,0.007924,
1,2018,06,30,13,1,0,0,0.007924,
1,2018,06,30,13,2,0,0,0.007924,
1,2018,06,30,13,3,0,0,0.007924,
1,2018,06,30,14,0,0,0,0.007924,
1,2018,06,30,14,1,0,0,0.007924,
1,2018,06,30,14,2,0,0,0.007924,
1,2018,06,30,14,3,0,0,0.007924,
1,2018,06,30,15,0,0,0,0.007924,
1,2018,06,30,15,1,0,0,0.007924,
1,2018,06,30,15,2,0,0,0.007924,
1,2018,06,30,15,3,0,0,0.007924,
1,2018,06,30,16,0,0,0,0.007924,
1,2018,06,30,16,1,0,0,0.007924,
1,2018,06,30,16,2,0,0,0.007924,
1,2018,06,30,16,3,0,0,0.007924,
1,2018,06,30,17,0,0,0,0.007924,
1,2018,06,30,17,1,0,0,0.007924,
1,2018,06,30,17,2,0,0,0.007924,
1,2018,06,30,17,3,0,0,0.007924,
1,2018,06,30,18,0,0,0,0.007924,
1,2018,06,30,18,1,0,0,0.007924,
1,2018,06,30,18,2,0,0,0.007924,
1,2018,06,30,18,3,0,0,0.007924,
1,2018,06,30,19,0,0,0,0.007924,
1,2018,06,30,19,1,0,0,0.007924,
1,2018,06,30,19,2,0,0,0.007924,
1,2018,06,30,19,3,0,0,0.007924,
1,2018,06,30,20,0,0,0,0.007924,
1,2018,06,30,20,1,0,0,0.007924,
1,2018,06,30,20,2,0,0,0.007924,
1,2018,06,30,20,3,0,0,0.007924,
1,2018,06,30,21,0,0,0,0.007924,
1,2018,06,30,21,1,0,0,0.007924,
1,2018,06,30,21,2,0,0,0.007924,
1,2018,06,30,21,3,0,0,0.007924,
1,2018,06,30,22,0,0,0,0.007924,
1,2018,06,30,22,1,0,0,0.007924,
1,2018,06,30,22,2,0,0,0.007924,
1,2018,06,30,22,3,0,0,0.007924,
1,2018,06,30,23,0,0,0,0.007924,
1,2018,06,30,23,1,0,0,0.007924,
1,2018,06,30,23,2,0,0,0.007924,
1,2018,06,30,23,3,0,0,0.007924,
1,2018,07,01,00,0,0,0,0.007924,
1,2018,07,01,00,1,0,0,0.007924,
1,2018,07,01,00,2,0,0,0.007924,
1,2018,07,01,00,3,0,0,0.007924,
1,2018,07,01,01,0,0,0,0.007924,
1,2018,07,01,01,1,0,0,0.007924,
1,2018,07,01,01,2,0,0,0.007924,
1,2018,07,01,01,3,0,0,0.007924,
1,2018,07,01,02,0,0,0,0.007924,
1,2018,07,01,02,1,0,0,0.007924,
1,2018,07,01,02,2,0,0,0.007924,
1,2018,07,01,02,3,0,0,0.007924,
1,2018,07,01,03,0,0,0,0.007924,
1,2018,07,01,03,1,0,0,0.007924,
1,2018,07,01,03,2,0,0,0.007924,
1,2018,07,01,03,3,0,0,0.007924,
1,2018,07,01,04,0,0,0,0.007924,
1,2018,07,01,04,1,0,0,0.007924,
1,2018,07,01,04,2,0,0,0.007924,
1,2018,07,01,04,3,0,0,0.007924,
1,2018,07,01,05,0,0,0,0.007924,
1,2018,07,01,05,1,0,0,0.007924,
1,2018,07,01,05,2,0,0,0.007924,
1,2018,07,01,05,3,0,0,0.007924,
1,2018,07,01,06,0,0,0,0.007924,
1,2018,07,01,06,1,0,0,0.007924,
1,2018,07,01,06,2,0,0,0.007924,
1,2018,07,01,06,3,0,0,0.007924,
1,2018,07,01,07,0,0,0,0.007924,
1,2018,07,01,07,1,0,0,0.007924,
1,2018,07,01,07,2,0,0,0.007924,
1,2018,07,01,07,3,0,0,0.007924,
1,2018,07,01,08,0,0,0,0.007924,
1,2018,07,01,08,1,0,0,0.007924,
1,2018,07,01,08,2,0,0,0.007924,
1,2018,07,01,08,3,0,0,0.007924,
1,2018,07,01,09,0,0,0,0.007924,
1,2018,07,01,09,1,0,0,0.007924,
1,2018,07,01,09,2,0,0,0.007924,
1,2018,07,01,09,3,0,0,0.007924,
1,2018,07,01,10,0,0,0,0.007924,
1,2018,07,01,10,1,0,0,0.007924,
1,2018,07,01,10,2,0,0,0.007924,
1,2018,07,01,10,3,0,0,0.007924,
1,2018,07,01,11,0,0,0,0.007924,
1,2018,07,01,11,1,0,0,0.007924,
1,2018,07,01,11,2,0,0,0.007924,
1,2018,07,01,11,3,0,0,0.007924,
1,2018,07,01,12,0,0,0,0.007924,
1,2018,07,01,12,1,0,0,0.007924,
1,2018,07,01,12,2,0,0,0.007924,
1,2018,07,01,12,3,0,0,0.007924,
1,2018,07,01,13,0,0,0,0.007924,
1,2018,07,01,13,1,0,0,0.007924,
1,2018,07,01,13,2,0,0,0.007924,
1,2018,07,01,13,3,0,0,0.007924,
1,2018,07,01,14,0,0,0,0.007924,
1,2018,07,01,14,1,0,0,0.007924,
1,2018,07,01,14,2,0,0,0.007924,
1,2018,07,01,14,3,0,0,0.007924,
1,2018,07,01,15,0,0,0,0.007924,
1,2018,07,01,15,1,0,0,0.007924,
1,2018,07,01,15,2,0,0,0.007924,
1,2018,07,01,15,3,0,0,0.007924,
1,2018,07,01,16,0,0,0,0.007924,
1,2018,07,01,16,1,0,0,0.007924,
1,2018,07,01,16,2,0,0,0.007924,
1,2018,07,01,16,3,0,0,0.007924,
1,2018,07,01,17,0,0,0,0.007924,
1,2018,07,01,17,1,0,0,0.007924,
1,2018,07,01,17,2,0,0,0.007924,
1,2018,07,01,17,3,0,0,0.007924,
1,2018,07,01,18,0,0,0,0.007924,
1,2018,07,01,18,1,0,0,0.007924,
1,2018,07,01,18,2,0,0,0.007924,
1,2018,07,01,18,3,0,0,0.007924,
1,2018,07,01,19,0,0,0,0.007924,
1,2018,07,01,19,1,0,0,0.007924,
1,2018,07,01,19,2,0,0,0.007924,
1,2018,07,01,19,3,0,0,0.007924,
1,2018,07,01,20,0,0,0,0.007924,
1,2018,07,01,20,1,0,0,0.007924,
1,2018,07,01,20,2,0,0,0.007924,
1,2018,07,01,20,3,0,0,0.007924,
1,2018,07,01,21,0,0,0,0.007924,
1,2018,07,01,21,1,0,0,0.007924,
1,2018,07,01,21,2,0,0,0.007924,
1,2018,07,01,21,3,0,0,0.007924,
1,2018,07,01,22,0,0,0,0.007924,
1,2018,07,01,22,1,0,0,0.007924,
1,2018,07,01,22,2,0,0,0.007924,
1,2018,07,01,22,3,0,0,0.007924,
1,2018,07,01,23,0,0,0,0.007924,
1,2018,07,01,23,1,0,0,0.007924,
1,2018,07,01,23,2,0,0,0.007924,
1,2018,07,01,23,3,0,0,0.007924,
1,2018,07,02,00,0,0,0,0.007924,
1,2018,07,02,00,1,0,0,0.007924,
1,2018,07,02,00,2,0,0,0.007924,
1,2018,07,02,00,3,0,0,0.007924,
1,2018,07,02,01,0,0,0,0.007924,
1,2018,07,02,01,1,0,0,0.007924,
1,2018,07,02,01,2,0,0,0.007924,
1,2018,07,02,01,3,0,0,0.007924,
1,2018,07,02,02,0,0,0,0.007924,
1,2018,07,02,02,1,0,0,0.007924,
1,2018,07,02,02,2,0,0,0.007924,
1,2018,07,02,02,3,0,0,0.007924,
1,2018,07,02,03,0,0,0,0.007924,
1,2018,07,02,03,1,0,0,0.007924,
1,2018,07,02,03,2,0,0,0.007924,
1,2018,07,02,03,3,0,0,0.007924,
1,2018,07,02,04,0,0,0,0.007924,
1,2018,07,02,04,1,0,0,0.007924,
1,2018,07,02,04,2,0,0,0.007924,
1,2018,07,02,04,3,0,0,0.007924,
1,2018,07,02,05,0,0,0,0.007924,
1,2018,07,02,05,1,0,0,0.007924,
1,2018,07,02,05,2,0,0,0.007924,
1,2018,07,02,05,3,0,0,0.007924,
1,2018,07,02,06,0,0,0,0.007924,
1,2018,07,02,06,1,0,0,0.007924,
1,2018,07,02,06,2,0,0,0.007924,
1,2018,07,02,06,3,0,0,0.007924,
1,2018,07,02,07,0,0,0,0.007924,
1,2018,07,02,07,1,0,0,0.007924,
1,2018,07,02,07,2,0,0,0.007924,
1,2018,07,02,07,3,0,0,0.007924,
1,2018,07,02,08,0,0,0,0.007924,
1,2018,07,02,08,1,0,0,0.007924,
1,2018,07,02,08,2,0,0,0.007924,
1,2018,07,02,08,3,0,0,0.007924,
1,2018,07,02,09,0,0,0,0.007924,
1,2018,07,02,09,1,0,0,0.007924,
1,2018,07,02,09,2,0,0,0.007924,
1,2018,07,02,09,3,0,0,0.007924,
1,2018,07,02,10,0,0,0,0.007924,
1,2018,07,02,10,1,0,0,0.007924,
1,2018,07,02,10,2,0,0,0.007924,
1,2018,07,02,10,3,0,0,0.007924,
1,2018,07,02,11,0,0,0,0.007924,
1,2018,07,02,11,1,0,0,0.007924,
1,2018,07,02,11,2,0,0,0.007924,
1,2018,07,02,11,3,0,0,0.007924,
1,2018,07,02,12,0,0,0,0.007924,
1,2018,07,02,12,1,0,0,0.007924,
1,2018,07,02,12,2,0,0,0.007924,
1,2018,07,02,12,3,0,0,0.007924,
1,2018,07,02,13,0,0,0,0.007924,
1,2018,07,02,13,1,0,0,0.007924,
1,2018,07,02,13,2,0,0,0.007924,
1,2018,07,02,13,3,0,0,0.007924,
1,2018,07,02,14,0,0,0,0.007924,
1,2018,07,02,14,1,0,0,0.007924,
1,2018,07,02,14,2,0,0,0.007924,
1,2018,07,02,14,3,0,0,0.007924,
1,2018,07,02,15,0,0,0,0.007924,
1,2018,07,02,15,1,0,0,0.007924,
1,2018,07,02,15,2,0,0,0.007924,
1,2018,07,02,15,3,0,0,0.007924,
1,2018,07,02,16,0,0,0,0.007924,
1,2018,07,02,16,1,0,0,0.007924,
1,2018,07,02,16,2,0,0,0.007924,
1,2018,07,02,16,3,0,0,0.007924,
1,2018,07,02,17,0,0,0,0.007924,
1,2018,07,02,17,1,0,0,0.007924,
1,2018,07,02,17,2,0,0,0.007924,
1,2018,07,02,17,3,0,0,0.007924,
1,2018,07,02,18,0,0,0,0.007924,
1,2018,07,02,18,1,0,0,0.007924,
1,2018,07,02,18,2,0,0,0.007924,
1,2018,07,02,18,3,0,0,0.007924,
1,2018,07,02,19,0,0,0,0.007924,
1,2018,07,02,19,1,0,0,0.007924,
1,2018,07,02,19,2,0,0,0.007924,
1,2018,07,02,19,3,0,0,0.007924,
1,2018,07,02,20,0,0,0,0.007924,
1,2018,07,02,20,1,0,0,0.007924,
1,2018,07,02,20,2,0,0,0.007924,
1,2018,07,02,20,3,0,0,0.007924,
1,2018,07,02,21,0,0,0,0.007924,
1,2018,07,02,21,1,0,0,0.007924,
1,2018,07,02,21,2,0,0,0.007924,
1,2018,07,02,21,3,0,0,0.007924,
1,2018,07,02,22,0,0,0,0.007924,
1,2018,07,02,22,1,0,0,0.007924,
1,2018,07,02,22,2,0,0,0.007924,
1,2018,07,02,22,3,0,0,0.007924,
1,2018,07,02,23,0,0,0,0.007924,
1,2018,07,02,23,1,0,0,0.007924,
1,2018,07,02,23,2,0,0,0.007924,
1,2018,07,02,23,3,0,0,0.007924,
1,2018,07,03,00,0,0,0,0.007924,
1,2018,07,03,00,1,0,0,0.007924,
1,2018,07,03,00,2,0,0,0.007924,
1,2018,07,03,00,3,0,0,0.007924,
1,2018,07,03,01,0,0,0,0.007924,
1,2018,07,03,01,1,0,0,0.007924,
1,2018,07,03,01,2,0,0,0.007924,
1,2018,07,03,01,3,0,0,0.007924,
1,2018,07,03,02,0,0,0,0.007924,
1,2018,07,03,02,1,0,0,0.007924,
1,2018,07,03,02,2,0,0,0.007924,
1,2018,07,03,02,3,0,0,0.007924,
1,2018,07,03,03,0,0,0,0.007924,
1,2018,07,03,03,1,0,0,0.007924,
1,2018,07,03,03,2,0,0,0.007924,
1,2018,07,03,03,3,0,0,0.007924,
1,2018,07,03,04,0,0,0,0.007924,
1,2018,07,03,04,1,0,0,0.007924,
1,2018,07,03,04,2,0,0,0.007924,
1,2018,07,03,04,3,0,0,0.007924,
1,2018,07,03,05,0,0,0,0.007924,
1,2018,07,03,05,1,0,0,0.007924,
1,2018,07,03,05,2,0,0,0.007924,
1,2018,07,03,05,3,0,0,0.007924,
1,2018,07,03,06,0,0,0,0.007924,
1,2018,07,03,06,1,0,0,0.007924,
1,2018,07,03,06,2,0,0,0.007924,
1,2018,07,03,06,3,0,0,0.007924,
1,2018,07,03,07,0,0,0,0.007924,
1,2018,07,03,07,1,0,0,0.007924,
1,2018,07,03,07,2,0,0,0.007924,
1,2018,07,03,07,3,0,0,0.007924,
1,2018,07,03,08,0,0,0,0.007924,
1,2018,07,03,08,1,0,0,0.007924,
1,2018,07,03,08,2,0,0,0.007924,
1,2018,07,03,08,3,0,0,0.007924,
1,2018,07,03,09,0,0,0,0.007924,
1,2018,07,03,09,1,0,0,0.007924,
1,2018,07,03,09,2,0,0,0.007924,
1,2018,07,03,09,3,0,0,0.007924,
1,2018,07,03,10,0,0,0,0.007924,
1,2018,07,03,10,1,0,0,0.007924,
1,2018,07,03,10,2,0,0,0.007924,
1,2018,07,03,10,3,0,0,0.007924,
1,2018,07,03,11,0,0,0,0.007924,
1,2018,07,03,11,1,0,0,0.007924,
1,2018,07,03,11,2,0,0,0.007924,
1,2018,07,03,11,3,0,0,0.007924,
1,2018,07,03,12,0,0,0,0.007924,
1,2018,07,03,12,1,0,0,0.007924,
1,2018,07,03,12,2,0,0,0.007924,
1,2018,07,03,12,3,0,0,0.007924,
1,2018,07,03,13,0,0,0,0.007924,
1,2018,07,03,13,1,0,0,0.007924,
1,2018,07,03,13,2,0,0,0.007924,
1,2018,07,03,13,3,0,0,0.007924,
1,2018,07,03,14,0,0,0,0.007924,
1,2018,07,03,14,1,0,0,0.007924,
1,2018,07,03,14,2,0,0,0.007924,
1,2018,07,03,14,3,0,0,0.007924,
1,2018,07,03,15,0,0,0,0.007924,
1,2018,07,03,15,1,0,0,0.007924,
1,2018,07,03,15,2,0,0,0.007924,
1,2018,07,03,15,3,0,0,0.007924,
1,2018,07,03,16,0,0,0,0.007924,
1,2018,07,03,16,1,0,0,0.007924,
1,2018,07,03,16,2,0,0,0.007924,
1,2018,07,03,16,3,0,0,0.007924,
1,2018,07,03,17,0,0,0,0.007924,
1,2018,07,03,17,1,0,0,0.007924,
1,2018,07,03,17,2,0,0,0.007924,
1,2018,07,03,17,3,0,0,0.007924,
1,2018,07,03,18,0,0,0,0.007924,
1,2018,07,03,18,1,0,0,0.007924,
1,2018,07,03,18,2,0,0,0.007924,
1,2018,07,03,18,3,0,0,0.007924,
1,2018,07,03,19,0,0,0,0.007924,
1,2018,07,03,19,1,0,0,0.007924,
1,2018,07,03,19,2,0,0,0.007924,
1,2018,07,03,19,3,0,0,0.007924,
1,2018,07,03,20,0,0,0,0.007924,
1,2018,07,03,20,1,0,0,0.007924,
1,2018,07,03,20,2,0,0,0.007924,
1,2018,07,03,20,3,0,0,0.007924,
1,2018,07,03,21,0,0,0,0.007924,
1,2018,07,03,21,1,0,0,0.007924,
1,2018,07,03,21,2,0,0,0.007924,
1,2018,07,03,21,3,0,0,0.007924,
1,2018,07,03,22,0,0,0,0.007924,
1,2018,07,03,22,1,0,0,0.007924,
1,2018,07,03,22,2,0,0,0.007924,
1,2018,07,03,22,3,0,0,0.007924,
1,2018,07,03,23,0,0,0,0.007924,
1,2018,07,03,23,1,0,0,0.007924,
1,2018,07,03,23,2,0,0,0.007924,
1,2018,07,03,23,3,0,0,0.007924,
1,2018,07,04,00,0,0,0,0.007924,
1,2018,07,04,00,1,0,0,0.007924,
1,2018,07,04,00,2,0,0,0.007924,
1,2018,07,04,00,3,0,0,0.007924,
1,2018,07,04,01,0,0,0,0.007924,
1,2018,07,04,01,1,0,0,0.007924,
1,2018,07,04,01,2,0,0,0.007924,
1,2018,07,04,01,3,0,0,0.007924,
1,2018,07,04,02,0,0,0,0.007924,
1,2018,07,04,02,1,0,0,0.007924,
1,2018,07,04,02,2,0,0,0.007924,
1,2018,07,04,02,3,0,0,0.007924,
1,2018,07,04,03,0,0,0,0.007924,
1,2018,07,04,03,1,0,0,0.007924,
1,2018,07,04,03,2,0,0,0.007924,
1,2018,07,04,03,3,0,0,0.007924,
1,2018,07,04,04,0,0,0,0.007924,
1,2018,07,04,04,1,0,0,0.007924,
1,2018,07,04,04,2,0,0,0.007924,
1,2018,07,04,04,3,0,0,0.007924,
1,2018,07,04,05,0,0,0,0.007924,
1,2018,07,04,05,1,0,0,0.007924,
1,2018,07,04,05,2,0,0,0.007924,
1,2018,07,04,05,3,0,0,0.007924,
1,2018,07,04,06,0,0,0,0.007924,
1,2018,07,04,06,1,0,0,0.007924,
1,2018,07,04,06,2,0,0,0.007924,
1,2018,07,04,06,3,0,0,0.007924,
1,2018,07,04,07,0,0,0,0.007924,
1,2018,07,04,07,1,0,0,0.007924,
1,2018,07,04,07,2,0,0,0.007924,
1,2018,07,04,07,3,0,0,0.007924,
1,2018,07,04,08,0,0,0,0.007924,
1,2018,07,04,08,1,0,0,0.007924,
1,2018,07,04,08,2,0,0,0.007924,
1,2018,07,04,08,3,0,0,0.007924,
1,2018,07,04,09,0,0,0,0.007924,
1,2018,07,04,09,1,0,0,0.007924,
1,2018,07,04,09,2,0,0,0.007924,
1,2018,07,04,09,3,0,0,0.007924,
1,2018,07,04,10,0,0,0,0.007924,
1,2018,07,04,10,1,0,0,0.007924,
1,2018,07,04,10,2,0,0,0.007924,
1,2018,07,04,10,3,0,0,0.007924,
1,2018,07,04,11,0,0,0,0.007924,
1,2018,07,04,11,1,0,0,0.007924,
1,2018,07,04,11,2,0,0,0.007924,
1,2018,07,04,11,3,0,0,0.007924,
1,2018,07,04,12,0,0,0,0.007924,
1,2018,07,04,12,1,0,0,0.007924,
1,2018,07,04,12,2,0,0,0.007924,
1,2018,07,04,12,3,0,0,0.007924,
1,2018,07,04,13,0,0,0,0.007924,
1,2018,07,04,13,1,0,0,0.007924,
1,2018,07,04,13,2,0,0,0.007924,
1,2018,07,04,13,3,0,0,0.007924,
1,2018,07,04,14,0,0,0,0.007924,
1,2018,07,04,14,1,0,0,0.007924,
1,2018,07,04,14,2,0,0,0.007924,
1,2018,07,04,14,3,0,0,0.007924,
1,2018,07,04,15,0,0,0,0.007924,
1,2018,07,04,15,1,0,0,0.007924,
1,2018,07,04,15,2,0,0,0.007924,
1,2018,07,04,15,3,0,0,0.007924,
1,2018,07,04,16,0,0,0,0.007924,
1,2018,07,04,16,1,0,0,0.007924,
1,2018,07,04,16,2,0,0,0.007924,
1,2018,07,04,16,3,0,0,0.007924,
1,2018,07,04,17,0,0,0,0.007924,
1,2018,07,04,17,1,0,0,0.007924,
1,2018,07,04,17,2,0,0,0.007924,
1,2018,07,04,17,3,0,0,0.007924,
1,2018,07,04,18,0,0,0,0.007924,
1,2018,07,04,18,1,0,0,0.007924,
1,2018,07,04,18,2,0,0,0.007924,
1,2018,07,04,18,3,0,0,0.007924,
1,2018,07,04,19,0,0,0,0.007924,
1,2018,07,04,19,1,0,0,0.007924,
1,2018,07,04,19,2,0,0,0.007924,
1,2018,07,04,19,3,0,0,0.007924,
1,2018,07,04,20,0,0,0,0.007924,
1,2018,07,04,20,1,0,0,0.007924,
1,2018,07,04,20,2,0,0,0.007924,
1,2018,07,04,20,3,0,0,0.007924,
1,2018,07,04,21,0,0,0,0.007924,
1,2018,07,04,21,1,0,0,0.007924,
1,2018,07,04,21,2,0,0,0.007924,
1,2018,07,04,21,3,0,0,0.007924,
1,2018,07,04,22,0,0,0,0.007924,
1,2018,07,04,22,1,0,0,0.007924,
1,2018,07,04,22,2,0,0,0.007924,
1,2018,07,04,22,3,0,0,0.007924,
1,2018,07,04,23,0,0,0,0.007924,
1,2018,07,04,23,1,0,0,0.007924,
1,2018,07,04,23,2,0,0,0.007924,
1,2018,07,04,23,3,0,0,0.007924,
1,2018,07,05,00,0,0,0,0.007924,
1,2018,07,05,00,1,0,0,0.007924,
1,2018,07,05,00,2,0,0,0.007924,
1,2018,07,05,00,3,0,0,0.007924,
1,2018,07,05,01,0,0,0,0.007924,
1,2018,07,05,01,1,0,0,0.007924,
1,2018,07,05,01,2,0,0,0.007924,
1,2018,07,05,01,3,0,0,0.007924,
1,2018,07,05,02,0,0,0,0.007924,
1,2018,07,05,02,1,0,0,0.007924,
1,2018,07,05,02,2,0,0,0.007924,
1,2018,07,05,02,3,0,0,0.007924,
1,2018,07,05,03,0,0,0,0.007924,
1,2018,07,05,03,1,0,0,0.007924,
1,2018,07,05,03,2,0,0,0.007924,
1,2018,07,05,03,3,0,0,0.007924,
1,2018,07,05,04,0,0,0,0.007924,
1,2018,07,05,04,1,0,0,0.007924,
1,2018,07,05,04,2,0,0,0.007924,
1,2018,07,05,04,3,0,0,0.007924,
1,2018,07,05,05,0,0,0,0.007924,
1,2018,07,05,05,1,0,0,0.007924,
1,2018,07,05,05,2,0,0,0.007924,
1,2018,07,05,05,3,0,0,0.007924,
1,2018,07,05,06,0,0,0,0.007924,
1,2018,07,05,06,1,0,0,0.007924,
1,2018,07,05,06,2,0,0,0.007924,
1,2018,07,05,06,3,0,0,0.007924,
1,2018,07,05,07,0,0,0,0.007924,
1,2018,07,05,07,1,0,0,0.007924,
1,2018,07,05,07,2,0,0,0.007924,
1,2018,07,05,07,3,0,0,0.007924,
1,2018,07,05,08,0,0,0,0.007924,
1,2018,07,05,08,1,0,0,0.007924,
1,2018,07,05,08,2,0,0,0.007924,
1,2018,07,05,08,3,0,0,0.007924,
1,2018,07,05,09,0,0,0,0.007924,
1,2018,07,05,09,1,0,0,0.007924,
1,2018,07,05,09,2,0,0,0.007924,
1,2018,07,05,09,3,0,0,0.007924,
1,2018,07,05,10,0,0,0,0.007924,
1,2018,07,05,10,1,0,0,0.007924,
1,2018,07,05,10,2,0,0,0.007924,
1,2018,07,05,10,3,0,0,0.007924,
1,2018,07,05,11,0,0,0,0.007924,
1,2018,07,05,11,1,0,0,0.007924,
1,2018,07,05,11,2,0,0,0.007924,
1,2018,07,05,11,3,0,0,0.007924,
1,2018,07,05,12,0,0,0,0.007924,
1,2018,07,05,12,1,0,0,0.007924,
1,2018,07,05,12,2,0,0,0.007924,
1,2018,07,05,12,3,0,0,0.007924,
1,2018,07,05,13,0,0,0,0.007924,
1,2018,07,05,13,1,0,0,0.007924,
1,2018,07,05,13,2,0,0,0.007924,
1,2018,07,05,13,3,0,0,0.007924,
1,2018,07,05,14,0,0,0,0.007924,
1,2018,07,05,14,1,0,0,0.007924,
1,2018,07,05,14,2,0,0,0.007924,
1,2018,07,05,14,3,0,0,0.007924,
1,2018,07,05,15,0,0,0,0.007924,
1,2018,07,05,15,1,0,0,0.007924,
1,2018,07,05,15,2,0,0,0.007924,
1,2018,07,05,15,3,0,0,0.007924,
1,2018,07,05,16,0,0,0,0.007924,
1,2018,07,05,16,1,0,0,0.007924,
1,2018,07,05,16,2,0,0,0.007924,
1,2018,07,05,16,3,0,0,0.007924,
1,2018,07,05,17,0,0,0,0.007924,
1,2018,07,05,17,1,0,0,0.007924,
1,2018,07,05,17,2,0,0,0.007924,
1,2018,07,05,17,3,0,0,0.007924,
1,2018,07,05,18,0,0,0,0.007924,
1,2018,07,05,18,1,0,0,0.007924,
1,2018,07,05,18,2,0,0,0.007924,
1,2018,07,05,18,3,0,0,0.007924,
1,2018,07,05,19,0,0,0,0.007924,
1,2018,07,05,19,1,0,0,0.007924,
1,2018,07,05,19,2,0,0,0.007924,
1,2018,07,05,19,3,0,0,0.007924,
1,2018,07,05,20,0,0,0,0.007924,
1,2018,07,05,20,1,0,0,0.007924,
1,2018,07,05,20,2,0,0,0.007924,
1,2018,07,05,20,3,0,0,0.007924,
1,2018,07,05,21,0,0,0,0.007924,
1,2018,07,05,21,1,0,0,0.007924,
1,2018,07,05,21,2,0,0,0.007924,
1,2018,07,05,21,3,0,0,0.007924,
1,2018,07,05,22,0,0,0,0.007924,
1,2018,07,05,22,1,0,0,0.007924,
1,2018,07,05,22,2,0,0,0.007924,
1,2018,07,05,22,3,0,0,0.007924,
1,2018,07,05,23,0,0,0,0.007924,
1,2018,07,05,23,1,0,0,0.007924,
1,2018,07,05,23,2,0,0,0.007924,
1,2018,07,05,23,3,0,0,0.007924,
1,2018,07,06,00,0,0,0,0.007924,
1,2018,07,06,00,1,0,0,0.007924,
1,2018,07,06,00,2,0,0,0.007924,
1,2018,07,06,00,3,0,0,0.007924,
1,2018,07,06,01,0,0,0,0.007924,
1,2018,07,06,01,1,0,0,0.007924,
1,2018,07,06,01,2,0,0,0.007924,
1,2018,07,06,01,3,0,0,0.007924,
1,2018,07,06,02,0,0,0,0.007924,
1,2018,07,06,02,1,0,0,0.007924,
1,2018,07,06,02,2,0,0,0.007924,
1,2018,07,06,02,3,0,0,0.007924,
1,2018,07,06,03,0,0,0,0.007924,
1,2018,07,06,03,1,0,0,0.007924,
1,2018,07,06,03,2,0,0,0.007924,
1,2018,07,06,03,3,0,0,0.007924,
1,2018,07,06,04,0,0,0,0.007924,
1,2018,07,06,04,1,0,0,0.007924,
1,2018,07,06,04,2,0,0,0.007924,
1,2018,07,06,04,3,0,0,0.007924,
1,2018,07,06,05,0,0,0,0.007924,
1,2018,07,06,05,1,0,0,0.007924,
1,2018,07,06,05,2,0,0,0.007924,
1,2018,07,06,05,3,0,0,0.007924,
1,2018,07,06,06,0,0,0,0.007924,
1,2018,07,06,06,1,0,0,0.007924,
1,2018,07,06,06,2,0,0,0.007924,
1,2018,07,06,06,3,0,0,0.007924,
1,2018,07,06,07,0,0,0,0.007924,
1,2018,07,06,07,1,0,0,0.007924,
1,2018,07,06,07,2,0,0,0.007924,
1,2018,07,06,07,3,0,0,0.007924,
1,2018,07,06,08,0,0,0,0.007924,
1,2018,07,06,08,1,0,0,0.007924,
1,2018,07,06,08,2,0,0,0.007924,
1,2018,07,06,08,3,0,0,0.007924,
1,2018,07,06,09,0,0,0,0.007924,
1,2018,07,06,09,1,0,0,0.007924,
1,2018,07,06,09,2,0,0,0.007924,
1,2018,07,06,09,3,0,0,0.007924,
1,2018,07,06,10,0,0,0,0.007924,
1,2018,07,06,10,1,0,0,0.007924,
1,2018,07,06,10,2,0,0,0.007924,
1,2018,07,06,10,3,0,0,0.007924,
1,2018,07,06,11,0,0,0,0.007924,
1,2018,07,06,11,1,0,0,0.007924,
1,2018,07,06,11,2,0,0,0.007924,
1,2018,07,06,11,3,0,0,0.007924,
1,2018,07,06,12,0,0,0,0.007924,
1,2018,07,06,12,1,0,0,0.007924,
1,2018,07,06,12,2,0,0,0.007924,
1,2018,07,06,12,3,0,0,0.007924,
1,2018,07,06,13,0,0,0,0.007924,
1,2018,07,06,13,1,0,0,0.007924,
1,2018,07,06,13,2,0,0,0.007924,
1,2018,07,06,13,3,0,0,0.007924,
1,2018,07,06,14,0,0,0,0.007924,
1,2018,07,06,14,1,0,0,0.007924,
1,2018,07,06,14,2,0,0,0.007924,
1,2018,07,06,14,3,0,0,0.007924,
1,2018,07,06,15,0,0,0,0.007924,
1,2018,07,06,15,1,0,0,0.007924,
1,2018,07,06,15,2,0,0,0.007924,
1,2018,07,06,15,3,0,0,0.007924,
1,2018,07,06,16,0,0,0,0.007924,
1,2018,07,06,16,1,0,0,0.007924,
1,2018,07,06,16,2,0,0,0.007924,
1,2018,07,06,16,3,0,0,0.007924,
1,2018,07,06,17,0,0,0,0.007924,
1,2018,07,06,17,1,0,0,0.007924,
1,2018,07,06,17,2,0,0,0.007924,
1,2018,07,06,17,3,0,0,0.007924,
1,2018,07,06,18,0,0,0,0.007924,
1,2018,07,06,18,1,0,0,0.007924,
1,2018,07,06,18,2,0,0,0.007924,
1,2018,07,06,18,3,0,0,0.007924,
1,2018,07,06,19,0,0,0,0.007924,
1,2018,07,06,19,1,0,0,0.007924,
1,2018,07,06,19,2,0,0,0.007924,
1,2018,07,06,19,3,0,0,0.007924,
1,2018,07,06,20,0,0,0,0.007924,
1,2018,07,06,20,1,0,0,0.007924,
1,2018,07,06,20,2,0,0,0.007924,
1,2018,07,06,20,3,0,0,0.007924,
1,2018,07,06,21,0,0,0,0.007924,
1,2018,07,06,21,1,0,0,0.007924,
1,2018,07,06,21,2,0,0,0.007924,
1,2018,07,06,21,3,0,0,0.007924,
1,2018,07,06,22,0,0,0,0.007924,
1,2018,07,06,22,1,0,0,0.007924,
1,2018,07,06,22,2,0,0,0.007924,
1,2018,07,06,22,3,0,0,0.007924,
1,2018,07,06,23,0,0,0,0.007924,
1,2018,07,06,23,1,0,0,0.007924,
1,2018,07,06,23,2,0,0,0.007924,
1,2018,07,06,23,3,0,0,0.007924,
1,2018,07,07,00,0,0,0,0.007924,
1,2018,07,07,00,1,0,0,0.007924,
1,2018,07,07,00,2,0,0,0.007924,
1,2018,07,07,00,3,0,0,0.007924,
1,2018,07,07,01,0,0,0,0.007924,
1,2018,07,07,01,1,0,0,0.007924,
1,2018,07,07,01,2,0,0,0.007924,
1,2018,07,07,01,3,0,0,0.007924,
1,2018,07,07,02,0,0,0,0.007924,
1,2018,07,07,02,1,0,0,0.007924,
1,2018,07,07,02,2,0,0,0.007924,
1,2018,07,07,02,3,0,0,0.007924,
1,2018,07,07,03,0,0,0,0.007924,
1,2018,07,07,03,1,0,0,0.007924,
1,2018,07,07,03,2,0,0,0.007924,
1,2018,07,07,03,3,0,0,0.007924,
1,2018,07,07,04,0,0,0,0.007924,
1,2018,07,07,04,1,0,0,0.007924,
1,2018,07,07,04,2,0,0,0.007924,
1,2018,07,07,04,3,0,0,0.007924,
1,2018,07,07,05,0,0,0,0.007924,
1,2018,07,07,05,1,0,0,0.007924,
1,2018,07,07,05,2,0,0,0.007924,
1,2018,07,07,05,3,0,0,0.007924,
1,2018,07,07,06,0,0,0,0.007924,
1,2018,07,07,06,1,0,0,0.007924,
1,2018,07,07,06,2,0,0,0.007924,
1,2018,07,07,06,3,0,0,0.007924,
1,2018,07,07,07,0,0,0,0.007924,
1,2018,07,07,07,1,0,0,0.007924,
1,2018,07,07,07,2,0,0,0.007924,
1,2018,07,07,07,3,0,0,0.007924,
1,2018,07,07,08,0,0,0,0.007924,
1,2018,07,07,08,1,0,0,0.007924,
1,2018,07,07,08,2,0,0,0.007924,
1,2018,07,07,08,3,0,0,0.007924,
1,2018,07,07,09,0,0,0,0.007924,
1,2018,07,07,09,1,0,0,0.007924,
1,2018,07,07,09,2,0,0,0.007924,
1,2018,07,07,09,3,0,0,0.007924,
1,2018,07,07,10,0,0,0,0.007924,
1,2018,07,07,10,1,0,0,0.007924,
1,2018,07,07,10,2,0,0,0.007924,
1,2018,07,07,10,3,0,0,0.007924,
1,2018,07,07,11,0,0,0,0.007924,
1,2018,07,07,11,1,0,0,0.007924,
1,2018,07,07,11,2,0,0,0.007924,
1,2018,07,07,11,3,0,0,0.007924,
1,2018,07,07,12,0,0,0,0.007924,
1,2018,07,07,12,1,0,0,0.007924,
1,2018,07,07,12,2,0,0,0.007924,
1,2018,07,07,12,3,0,0,0.007924,
1,2018,07,07,13,0,0,0,0.007924,
1,2018,07,07,13,1,0,0,0.007924,
1,2018,07,07,13,2,0,0,0.007924,
1,2018,07,07,13,3,0,0,0.007924,
1,2018,07,07,14,0,0,0,0.007924,
1,2018,07,07,14,1,0,0,0.007924,
1,2018,07,07,14,2,0,0,0.007924,
1,2018,07,07,14,3,0,0,0.007924,
1,2018,07,07,15,0,0,0,0.007924,
1,2018,07,07,15,1,0,0,0.007924,
1,2018,07,07,15,2,0,0,0.007924,
1,2018,07,07,15,3,0,0,0.007924,
1,2018,07,07,16,0,0,0,0.007924,
1,2018,07,07,16,1,0,0,0.007924,
1,2018,07,07,16,2,0,0,0.007924,
1,2018,07,07,16,3,0,0,0.007924,
1,2018,07,07,17,0,0,0,0.007924,
1,2018,07,07,17,1,0,0,0.007924,
1,2018,07,07,17,2,0,0,0.007924,
1,2018,07,07,17,3,0,0,0.007924,
1,2018,07,07,18,0,0,0,0.007924,
1,2018,07,07,18,1,0,0,0.007924,
1,2018,07,07,18,2,0,0,0.007924,
1,2018,07,07,18,3,0,0,0.007924,
1,2018,07,07,19,0,0,0,0.007924,
1,2018,07,07,19,1,0,0,0.007924,
1,2018,07,07,19,2,0,0,0.007924,
1,2018,07,07,19,3,0,0,0.007924,
1,2018,07,07,20,0,0,0,0.007924,
1,2018,07,07,20,1,0,0,0.007924,
1,2018,07,07,20,2,0,0,0.007924,
1,2018,07,07,20,3,0,0,0.007924,
1,2018,07,07,21,0,0,0,0.007924,
1,2018,07,07,21,1,0,0,0.007924,
1,2018,07,07,21,2,0,0,0.007924,
1,2018,07,07,21,3,0,0,0.007924,
1,2018,07,07,22,0,0,0,0.007924,
1,2018,07,07,22,1,0,0,0.007924,
1,2018,07,07,22,2,0,0,0.007924,
1,2018,07,07,22,3,0,0,0.007924,
1,2018,07,07,23,0,0,0,0.007924,
1,2018,07,07,23,1,0,0,0.007924,
1,2018,07,07,23,2,0,0,0.007924,
1,2018,07,07,23,3,0,0,0.007924,
1,2018,07,08,00,0,0,0,0.007924,
1,2018,07,08,00,1,0,0,0.007924,
1,2018,07,08,00,2,0,0,0.007924,
1,2018,07,08,00,3,0,0,0.007924,
1,2018,07,08,01,0,0,0,0.007924,
1,2018,07,08,01,1,0,0,0.007924,
1,2018,07,08,01,2,0,0,0.007924,
1,2018,07,08,01,3,0,0,0.007924,
1,2018,07,08,02,0,0,0,0.007924,
1,2018,07,08,02,1,0,0,0.007924,
1,2018,07,08,02,2,0,0,0.007924,
1,2018,07,08,02,3,0,0,0.007924,
1,2018,07,08,03,0,0,0,0.007924,
1,2018,07,08,03,1,0,0,0.007924,
1,2018,07,08,03,2,0,0,0.007924,
1,2018,07,08,03,3,0,0,0.007924,
1,2018,07,08,04,0,0,0,0.007924,
1,2018,07,08,04,1,0,0,0.007924,
1,2018,07,08,04,2,0,0,0.007924,
1,2018,07,08,04,3,0,0,0.007924,
1,2018,07,08,05,0,0,0,0.007924,
1,2018,07,08,05,1,0,0,0.007924,
1,2018,07,08,05,2,0,0,0.007924,
1,2018,07,08,05,3,0,0,0.007924,
1,2018,07,08,06,0,0,0,0.007924,
1,2018,07,08,06,1,0,0,0.007924,
1,2018,07,08,06,2,0,0,0.007924,
1,2018,07,08,06,3,0,0,0.007924,
1,2018,07,08,07,0,0,0,0.007924,
1,2018,07,08,07,1,0,0,0.007924,
1,2018,07,08,07,2,0,0,0.007924,
1,2018,07,08,07,3,0,0,0.007924,
1,2018,07,08,08,0,0,0,0.007924,
1,2018,07,08,08,1,0,0,0.007924,
1,2018,07,08,08,2,0,0,0.007924,
1,2018,07,08,08,3,0,0,0.007924,
1,2018,07,08,09,0,0,0,0.007924,
1,2018,07,08,09,1,0,0,0.007924,
1,2018,07,08,09,2,0,0,0.007924,
1,2018,07,08,09,3,0,0,0.007924,
1,2018,07,08,10,0,0,0,0.007924,
1,2018,07,08,10,1,0,0,0.007924,
1,2018,07,08,10,2,0,0,0.007924,
1,2018,07,08,10,3,0,0,0.007924,
1,2018,07,08,11,0,0,0,0.007924,
1,2018,07,08,11,1,0,0,0.007924,
1,2018,07,08,11,2,0,0,0.007924,
1,2018,07,08,11,3,0,0,0.007924,
1,2018,07,08,12,0,0,0,0.007924,
1,2018,07,08,12,1,0,0,0.007924,
1,2018,07,08,12,2,0,0,0.007924,
1,2018,07,08,12,3,0,0,0.007924,
1,2018,07,08,13,0,0,0,0.007924,
1,2018,07,08,13,1,0,0,0.007924,
1,2018,07,08,13,2,0,0,0.007924,
1,2018,07,08,13,3,0,0,0.007924,
1,2018,07,08,14,0,0,0,0.007924,
1,2018,07,08,14,1,0,0,0.007924,
1,2018,07,08,14,2,0,0,0.007924,
1,2018,07,08,14,3,0,0,0.007924,
1,2018,07,08,15,0,0,0,0.007924,
1,2018,07,08,15,1,0,0,0.007924,
1,2018,07,08,15,2,0,0,0.007924,
1,2018,07,08,15,3,0,0,0.007924,
1,2018,07,08,16,0,0,0,0.007924,
1,2018,07,08,16,1,0,0,0.007924,
1,2018,07,08,16,2,0,0,0.007924,
1,2018,07,08,16,3,0,0,0.007924,
1,2018,07,08,17,0,0,0,0.007924,
1,2018,07,08,17,1,0,0,0.007924,
1,2018,07,08,17,2,0,0,0.007924,
1,2018,07,08,17,3,0,0,0.007924,
1,2018,07,08,18,0,0,0,0.007924,
1,2018,07,08,18,1,0,0,0.007924,
1,2018,07,08,18,2,0,0,0.007924,
1,2018,07,08,18,3,0,0,0.007924,
1,2018,07,08,19,0,0,0,0.007924,
1,2018,07,08,19,1,0,0,0.007924,
1,2018,07,08,19,2,0,0,0.007924,
1,2018,07,08,19,3,0,0,0.007924,
1,2018,07,08,20,0,0,0,0.007924,
1,2018,07,08,20,1,0,0,0.007924,
1,2018,07,08,20,2,0,0,0.007924,
1,2018,07,08,20,3,0,0,0.007924,
1,2018,07,08,21,0,0,0,0.007924,
1,2018,07,08,21,1,0,0,0.007924,
1,2018,07,08,21,2,0,0,0.007924,
1,2018,07,08,21,3,0,0,0.007924,
1,2018,07,08,22,0,0,0,0.007924,
1,2018,07,08,22,1,0,0,0.007924,
1,2018,07,08,22,2,0,0,0.007924,
1,2018,07,08,22,3,0,0,0.007924,
1,2018,07,08,23,0,0,0,0.007924,
1,2018,07,08,23,1,0,0,0.007924,
1,2018,07,08,23,2,0,0,0.007924,
1,2018,07,08,23,3,0,0,0.007924,
1,2018,07,09,00,0,0,0,0.007924,
1,2018,07,09,00,1,0,0,0.007924,
1,2018,07,09,00,2,0,0,0.007924,
1,2018,07,09,00,3,0,0,0.007924,
1,2018,07,09,01,0,0,0,0.007924,
1,2018,07,09,01,1,0,0,0.007924,
1,2018,07,09,01,2,0,0,0.007924,
1,2018,07,09,01,3,0,0,0.007924,
1,2018,07,09,02,0,0,0,0.007924,
1,2018,07,09,02,1,0,0,0.007924,
1,2018,07,09,02,2,0,0,0.007924,
1,2018,07,09,02,3,0,0,0.007924,
1,2018,07,09,03,0,0,0,0.007924,
1,2018,07,09,03,1,0,0,0.007924,
1,2018,07,09,03,2,0,0,0.007924,
1,2018,07,09,03,3,0,0,0.007924,
1,2018,07,09,04,0,0,0,0.007924,
1,2018,07,09,04,1,0,0,0.007924,
1,2018,07,09,04,2,0,0,0.007924,
1,2018,07,09,04,3,0,0,0.007924,
1,2018,07,09,05,0,0,0,0.007924,
1,2018,07,09,05,1,0,0,0.007924,
1,2018,07,09,05,2,0,0,0.007924,
1,2018,07,09,05,3,0,0,0.007924,
1,2018,07,09,06,0,0,0,0.007924,
1,2018,07,09,06,1,0,0,0.007924,
1,2018,07,09,06,2,0,0,0.007924,
1,2018,07,09,06,3,0,0,0.007924,
1,2018,07,09,07,0,0,0,0.001585,
